<?xml version="1.0" encoding="windows-1252"?>
<!--  This file conforms to the DTD xdc/bld/build.dtd -->
<package name="xconfig_app" version="" producerId="undefined">
    <units>
    </units>
    <sources>
        <srcFile name="package/cfg/app_pem4f.c"/>
    </sources>
    <configscripts>
        <srcFile name="C:/Users/a0159877/workspace_v5_5/TM4C_Interrupts_BENCHMARKS/app.cfg"/>
    </configscripts>
    <makefiles>
        <srcFile name="package.mak" src="package.bld"/>
        <srcFile name="package/package.xdc.dep" src="package.xdc"/>
        <srcFile name="package/cfg/app_pem4f.mak" src="package.bld"/>
        <srcFile name="package/cfg/app_pem4f.oem4f.dep" src="package/cfg/app_pem4f.c"/>
        <srcFile name="package/cfg/app_pem4f.dep" src="package/cfg/app_pem4f.cfg"/>
        <srcFile name="package/cfg/app.xem4f.mak" src="package.bld"/>
        <srcFile name="package/rel/xconfig_app.tar.dep" src="package/rel/xconfig_app.xdc.inc"/>
    </makefiles>
    <targets>
        <target name="ti.targets.arm.elf.M4F"
            version="ti.targets.arm.elf.M4F{1,0,5.1,2"
            rawVersion="5.1.2"
            platform="ti.platforms.stellaris:LM4FSXLH5BB:1"
            isa="v7M4"
            suffix="em4f"
            rootDir="C:/CCStudio_v5.5/ccsv5/tools/compiler/arm_5.1.2"
            os="undefined"
            rts="ti.targets.arm.rtsarm">
            <model endian="little"
                codeModel="thumb2"
                dataModel="undefined"/>
        </target>
    </targets>
    <libraries>
    </libraries>
    <configurations>
    <configuration name="app"
        pname="app.pem4f"
        target="ti.targets.arm.elf.M4F"
        platform="ti.platforms.stellaris:TM4C123GH6PM"
        profile="release"
        isPartial="false"
        xCfgScript="package/cfg/app_pem4f.cfg"
        xCfgPrefix="package/cfg/app_pem4f"
        cfgScript="C:/Users/a0159877/workspace_v5_5/TM4C_Interrupts_BENCHMARKS/app.cfg"
        cfgArgs="null"
        />
    </configurations>
    <executables>
    <executable name="app"
        pname="app.xem4f"
        target="ti.targets.arm.elf.M4F"
        platform="ti.platforms.stellaris:TM4C123GH6PM"
        profile="release"
        xCfgScript="package/cfg/app_pem4f.cfg"
        xCfgPrefix="package/cfg/app_pem4f"
        cfgScript="C:/Users/a0159877/workspace_v5_5/TM4C_Interrupts_BENCHMARKS/app.cfg"
        cfgArgs="null"
        />
    </executables>
    <tests>
    <test exeName="app.xem4f"
        args=""
        groupName="app.xem4f"
        refOutput="undefined"
        refExitCode="0"
        execArgs=""
        />
    </tests>
    <releases relDir="package/rel/">
    <release name="xconfig_app"
        pname="xconfig_app.tar"
        label="default"
    >
        <file name="package/package.bld.xml"/>
        <file name="package/build.cfg"/>
        <file name="package/package.xdc.inc"/>
    </release>
    </releases>
    <repositories>
    </repositories>
</package>
