<xdc.runtime.Types.RtaDecoderData>
  <targetName>ti.targets.C28_float</targetName>
  <binaryParser>ti.targets.omf.cof.Coff</binaryParser>
  <endian>little</endian>
  <bitsPerChar>16</bitsPerChar>
  <argSize>2</argSize>
  <eventSize>24</eventSize>
  <dataTransportClassName>undefined</dataTransportClassName>
  <controlTransportClassName>undefined</controlTransportClassName>
  <loggers-length>0</loggers-length>
  <modMap-length>32</modMap-length>
  <modMap key="xdc.runtime.Assert">
    <id>1</id>
    <logger>null</logger>
    <diagsMask>0000000000000000</diagsMask>
  </modMap>
  <modMap key="xdc.runtime.Core">
    <id>2</id>
    <logger>null</logger>
    <diagsMask>0000000000000000</diagsMask>
  </modMap>
  <modMap key="xdc.runtime.Defaults">
    <id>3</id>
    <logger>null</logger>
    <diagsMask>0000010000000000</diagsMask>
  </modMap>
  <modMap key="xdc.runtime.Diags">
    <id>4</id>
    <logger>null</logger>
    <diagsMask>0000000000000000</diagsMask>
  </modMap>
  <modMap key="xdc.runtime.Error">
    <id>5</id>
    <logger>null</logger>
    <diagsMask>0000010000000000</diagsMask>
  </modMap>
  <modMap key="xdc.runtime.Gate">
    <id>6</id>
    <logger>null</logger>
    <diagsMask>0000000000000000</diagsMask>
  </modMap>
  <modMap key="xdc.runtime.GateNull">
    <id>7</id>
    <logger>null</logger>
    <diagsMask>0000000000000000</diagsMask>
  </modMap>
  <modMap key="xdc.runtime.Log">
    <id>8</id>
    <logger>null</logger>
    <diagsMask>0000000000000000</diagsMask>
  </modMap>
  <modMap key="xdc.runtime.Main">
    <id>32770</id>
    <logger>null</logger>
    <diagsMask>0000010000000000</diagsMask>
  </modMap>
  <modMap key="xdc.runtime.Memory">
    <id>32771</id>
    <logger>null</logger>
    <diagsMask>0000000000000000</diagsMask>
  </modMap>
  <modMap key="xdc.runtime.Registry">
    <id>9</id>
    <logger>null</logger>
    <diagsMask>0000010000000000</diagsMask>
  </modMap>
  <modMap key="xdc.runtime.Startup">
    <id>10</id>
    <logger>null</logger>
    <diagsMask>0000000000000000</diagsMask>
  </modMap>
  <modMap key="xdc.runtime.System">
    <id>11</id>
    <logger>null</logger>
    <diagsMask>0000000000000000</diagsMask>
  </modMap>
  <modMap key="xdc.runtime.SysMin">
    <id>12</id>
    <logger>null</logger>
    <diagsMask>0000000000000000</diagsMask>
  </modMap>
  <modMap key="xdc.runtime.Text">
    <id>13</id>
    <logger>null</logger>
    <diagsMask>0000000000000000</diagsMask>
  </modMap>
  <modMap key="ti.catalog.c2800.init.Boot">
    <id>18</id>
    <logger>null</logger>
    <diagsMask>0000000000000000</diagsMask>
  </modMap>
  <modMap key="ti.sysbios.family.c28.Hwi">
    <id>19</id>
    <logger>null</logger>
    <diagsMask>0000010000000000</diagsMask>
  </modMap>
  <modMap key="ti.sysbios.family.c28.Timer">
    <id>20</id>
    <logger>null</logger>
    <diagsMask>0000010000000000</diagsMask>
  </modMap>
  <modMap key="ti.sysbios.family.c28.IntrinsicsSupport">
    <id>21</id>
    <logger>null</logger>
    <diagsMask>0000010000000000</diagsMask>
  </modMap>
  <modMap key="ti.sysbios.family.c28.TaskSupport">
    <id>22</id>
    <logger>null</logger>
    <diagsMask>0000010000000000</diagsMask>
  </modMap>
  <modMap key="ti.sysbios.BIOS">
    <id>23</id>
    <logger>null</logger>
    <diagsMask>0000010000000000</diagsMask>
  </modMap>
  <modMap key="ti.sysbios.hal.Hwi">
    <id>25</id>
    <logger>null</logger>
    <diagsMask>0000010000000000</diagsMask>
  </modMap>
  <modMap key="ti.sysbios.hal.Timer">
    <id>26</id>
    <logger>null</logger>
    <diagsMask>0000010000000000</diagsMask>
  </modMap>
  <modMap key="ti.sysbios.knl.Clock">
    <id>29</id>
    <logger>null</logger>
    <diagsMask>0000010000000000</diagsMask>
  </modMap>
  <modMap key="ti.sysbios.knl.Idle">
    <id>30</id>
    <logger>null</logger>
    <diagsMask>0000010000000000</diagsMask>
  </modMap>
  <modMap key="ti.sysbios.knl.Intrinsics">
    <id>31</id>
    <logger>null</logger>
    <diagsMask>0000010000000000</diagsMask>
  </modMap>
  <modMap key="ti.sysbios.knl.Queue">
    <id>32</id>
    <logger>null</logger>
    <diagsMask>0000010000000000</diagsMask>
  </modMap>
  <modMap key="ti.sysbios.knl.Semaphore">
    <id>33</id>
    <logger>null</logger>
    <diagsMask>0000010000000000</diagsMask>
  </modMap>
  <modMap key="ti.sysbios.knl.Swi">
    <id>34</id>
    <logger>null</logger>
    <diagsMask>0000010000000000</diagsMask>
  </modMap>
  <modMap key="ti.sysbios.knl.Task">
    <id>35</id>
    <logger>null</logger>
    <diagsMask>0000010000000000</diagsMask>
  </modMap>
  <modMap key="ti.sysbios.gates.GateHwi">
    <id>38</id>
    <logger>null</logger>
    <diagsMask>0000010000000000</diagsMask>
  </modMap>
  <modMap key="ti.sysbios.heaps.HeapNull">
    <id>39</id>
    <logger>null</logger>
    <diagsMask>0000010000000000</diagsMask>
  </modMap>
  <evtMap-length>31</evtMap-length>
  <evtMap key="xdc.runtime.Log.L_construct">
    <id>4095</id>
    <msg>%3C--+construct%3A+%25p%28%27%25s%27%29</msg>
  </evtMap>
  <evtMap key="xdc.runtime.Log.L_create">
    <id>4119</id>
    <msg>%3C--+create%3A+%25p%28%27%25s%27%29</msg>
  </evtMap>
  <evtMap key="xdc.runtime.Log.L_destruct">
    <id>4140</id>
    <msg>--%3E+destruct%3A+%28%25p%29</msg>
  </evtMap>
  <evtMap key="xdc.runtime.Log.L_delete">
    <id>4159</id>
    <msg>--%3E+delete%3A+%28%25p%29</msg>
  </evtMap>
  <evtMap key="xdc.runtime.Log.L_error">
    <id>4176</id>
    <msg>ERROR%3A+%25%24F%25%24S</msg>
  </evtMap>
  <evtMap key="xdc.runtime.Log.L_warning">
    <id>4190</id>
    <msg>WARNING%3A+%25%24F%25%24S</msg>
  </evtMap>
  <evtMap key="xdc.runtime.Log.L_info">
    <id>4206</id>
    <msg>%25%24F%25%24S</msg>
  </evtMap>
  <evtMap key="xdc.runtime.Log.L_start">
    <id>4213</id>
    <msg>Start%3A+%25%24S</msg>
  </evtMap>
  <evtMap key="xdc.runtime.Log.L_stop">
    <id>4224</id>
    <msg>Stop%3A+%25%24S</msg>
  </evtMap>
  <evtMap key="xdc.runtime.Log.L_startInstance">
    <id>4234</id>
    <msg>StartInstance%3A+%25%24S</msg>
  </evtMap>
  <evtMap key="xdc.runtime.Log.L_stopInstance">
    <id>4253</id>
    <msg>StopInstance%3A+%25%24S</msg>
  </evtMap>
  <evtMap key="ti.sysbios.family.c28.Hwi.LM_begin">
    <id>4271</id>
    <msg>LM_begin%3A+hwi%3A+0x%25x%2C+func%3A+0x%25x%2C+preThread%3A+%25d%2C+intNum%3A+%25d%2C+irp%3A+0x%25x</msg>
  </evtMap>
  <evtMap key="ti.sysbios.family.c28.Hwi.LD_end">
    <id>4341</id>
    <msg>LD_end%3A+hwi%3A+0x%25x</msg>
  </evtMap>
  <evtMap key="ti.sysbios.knl.Clock.LW_delayed">
    <id>4359</id>
    <msg>LW_delayed%3A+delay%3A+%25d</msg>
  </evtMap>
  <evtMap key="ti.sysbios.knl.Clock.LM_tick">
    <id>4381</id>
    <msg>LM_tick%3A+tick%3A+%25d</msg>
  </evtMap>
  <evtMap key="ti.sysbios.knl.Clock.LM_begin">
    <id>4399</id>
    <msg>LM_begin%3A+clk%3A+0x%25x%2C+func%3A+0x%25x</msg>
  </evtMap>
  <evtMap key="ti.sysbios.knl.Semaphore.LM_post">
    <id>4431</id>
    <msg>LM_post%3A+sem%3A+0x%25x%2C+count%3A+%25d</msg>
  </evtMap>
  <evtMap key="ti.sysbios.knl.Semaphore.LM_pend">
    <id>4461</id>
    <msg>LM_pend%3A+sem%3A+0x%25x%2C+count%3A+%25d%2C+timeout%3A+%25d</msg>
  </evtMap>
  <evtMap key="ti.sysbios.knl.Swi.LM_begin">
    <id>4504</id>
    <msg>LM_begin%3A+swi%3A+0x%25x%2C+func%3A+0x%25x%2C+preThread%3A+%25d</msg>
  </evtMap>
  <evtMap key="ti.sysbios.knl.Swi.LD_end">
    <id>4551</id>
    <msg>LD_end%3A+swi%3A+0x%25x</msg>
  </evtMap>
  <evtMap key="ti.sysbios.knl.Swi.LM_post">
    <id>4569</id>
    <msg>LM_post%3A+swi%3A+0x%25x%2C+func%3A+0x%25x%2C+pri%3A+%25d</msg>
  </evtMap>
  <evtMap key="ti.sysbios.knl.Task.LM_switch">
    <id>4609</id>
    <msg>LM_switch%3A+oldtsk%3A+0x%25x%2C+oldfunc%3A+0x%25x%2C+newtsk%3A+0x%25x%2C+newfunc%3A+0x%25x</msg>
  </evtMap>
  <evtMap key="ti.sysbios.knl.Task.LM_sleep">
    <id>4677</id>
    <msg>LM_sleep%3A+tsk%3A+0x%25x%2C+func%3A+0x%25x%2C+timeout%3A+%25d</msg>
  </evtMap>
  <evtMap key="ti.sysbios.knl.Task.LD_ready">
    <id>4722</id>
    <msg>LD_ready%3A+tsk%3A+0x%25x%2C+func%3A+0x%25x%2C+pri%3A+%25d</msg>
  </evtMap>
  <evtMap key="ti.sysbios.knl.Task.LD_block">
    <id>4763</id>
    <msg>LD_block%3A+tsk%3A+0x%25x%2C+func%3A+0x%25x</msg>
  </evtMap>
  <evtMap key="ti.sysbios.knl.Task.LM_yield">
    <id>4795</id>
    <msg>LM_yield%3A+tsk%3A+0x%25x%2C+func%3A+0x%25x%2C+currThread%3A+%25d</msg>
  </evtMap>
  <evtMap key="ti.sysbios.knl.Task.LM_setPri">
    <id>4843</id>
    <msg>LM_setPri%3A+tsk%3A+0x%25x%2C+func%3A+0x%25x%2C+oldPri%3A+%25d%2C+newPri+%25d</msg>
  </evtMap>
  <evtMap key="ti.sysbios.knl.Task.LD_exit">
    <id>4899</id>
    <msg>LD_exit%3A+tsk%3A+0x%25x%2C+func%3A+0x%25x</msg>
  </evtMap>
  <evtMap key="ti.sysbios.knl.Task.LM_setAffinity">
    <id>4930</id>
    <msg>LM_setAffinity%3A+tsk%3A+0x%25x%2C+func%3A+0x%25x%2C+oldCore%3A+%25d%2C+oldAffinity+%25d%2C+newAffinity+%25d</msg>
  </evtMap>
  <evtMap key="ti.sysbios.knl.Task.LM_schedule">
    <id>5013</id>
    <msg>LD_schedule%3A+coreId%3A+%25d%2C+workFlag%3A+%25d%2C+curSetLocal%3A+%25d%2C+curSetX%3A+%25d%2C+curMaskLocal%3A+%25d</msg>
  </evtMap>
  <evtMap key="ti.sysbios.knl.Task.LM_noWork">
    <id>5099</id>
    <msg>LD_noWork%3A+coreId%3A+%25d%2C+curSetLocal%3A+%25d%2C+curSetX%3A+%25d%2C+curMaskLocal%3A+%25d</msg>
  </evtMap>
</xdc.runtime.Types.RtaDecoderData>
