<?xml version="1.0" encoding="windows-1252"?>
<!--  This file conforms to the DTD xdc/bld/build.dtd -->
<package name="xconfig_empty" version="" producerId="undefined">
    <units>
    </units>
    <sources>
        <srcFile name="package/cfg/empty_pem4f.c"/>
    </sources>
    <configscripts>
        <srcFile name="C:/Users/a0159877/workspace_v6_0_ORIG_EAW_TTO/blink_TM4C_BIOS_SOL/empty.cfg"/>
    </configscripts>
    <makefiles>
        <srcFile name="package.mak" src="package.bld"/>
        <srcFile name="package/package.xdc.dep" src="package.xdc"/>
        <srcFile name="package/cfg/empty_pem4f.mak" src="package.bld"/>
        <srcFile name="package/cfg/empty_pem4f.oem4f.dep" src="package/cfg/empty_pem4f.c"/>
        <srcFile name="package/cfg/empty_pem4f.dep" src="package/cfg/empty_pem4f.cfg"/>
        <srcFile name="package/cfg/empty.xem4f.mak" src="package.bld"/>
        <srcFile name="package/rel/xconfig_empty.tar.dep" src="package/rel/xconfig_empty.xdc.inc"/>
    </makefiles>
    <targets>
        <target name="ti.targets.arm.elf.M4F"
            version="ti.targets.arm.elf.M4F{1,0,5.1,9"
            rawVersion="5.1.9"
            platform="ti.platforms.stellaris:LM4FSXLH5BB:1"
            isa="v7M4"
            suffix="em4f"
            rootDir="C:/CCStudio_v6.0/ccsv6/tools/compiler/arm_5.1.9"
            os="undefined"
            rts="ti.targets.arm.rtsarm">
            <model endian="little"
                codeModel="thumb2"
                dataModel="undefined"/>
        </target>
    </targets>
    <libraries>
    </libraries>
    <configurations>
    <configuration name="empty"
        pname="empty.pem4f"
        target="ti.targets.arm.elf.M4F"
        platform="ti.platforms.tiva:TM4C123GH6PM"
        profile="release"
        isPartial="false"
        xCfgScript="package/cfg/empty_pem4f.cfg"
        xCfgPrefix="package/cfg/empty_pem4f"
        cfgScript="C:/Users/a0159877/workspace_v6_0_ORIG_EAW_TTO/blink_TM4C_BIOS_SOL/empty.cfg"
        cfgArgs="null"
        />
    </configurations>
    <executables>
    <executable name="empty"
        pname="empty.xem4f"
        target="ti.targets.arm.elf.M4F"
        platform="ti.platforms.tiva:TM4C123GH6PM"
        profile="release"
        xCfgScript="package/cfg/empty_pem4f.cfg"
        xCfgPrefix="package/cfg/empty_pem4f"
        cfgScript="C:/Users/a0159877/workspace_v6_0_ORIG_EAW_TTO/blink_TM4C_BIOS_SOL/empty.cfg"
        cfgArgs="null"
        />
    </executables>
    <tests>
    <test exeName="empty.xem4f"
        args=""
        groupName="empty.xem4f"
        refOutput="undefined"
        refExitCode="0"
        execArgs=""
        />
    </tests>
    <releases relDir="package/rel/">
    <release name="xconfig_empty"
        pname="xconfig_empty.tar"
        label="default"
    >
        <file name="package/package.bld.xml"/>
        <file name="package/build.cfg"/>
        <file name="package/package.xdc.inc"/>
    </release>
    </releases>
    <repositories>
    </repositories>
</package>
