<?xml version="1.0" encoding="windows-1252"?>
<!--  This file conforms to the DTD xdc/bld/build.dtd -->
<package name="configPkg" version="" producerId="undefined">
    <units>
    </units>
    <sources>
        <srcFile name="package/cfg/empty_pem4f.c"/>
    </sources>
    <configscripts>
        <srcFile name="C:/Users/a0159877/workspace_v6_0_ORIG_EAW_TTO/blink_MSP432_401R_HWI_SOL/empty.cfg"/>
    </configscripts>
    <makefiles>
        <srcFile name="package.mak" src="package.bld"/>
        <srcFile name="package/package.xdc.dep" src="package.xdc"/>
        <srcFile name="package/cfg/empty_pem4f.mak" src="package.bld"/>
        <srcFile name="package/cfg/empty_pem4f.oem4f.dep" src="package/cfg/empty_pem4f.c"/>
        <srcFile name="package/cfg/empty_pem4f.dep" src="package/cfg/empty_pem4f.cfg"/>
        <srcFile name="package/cfg/empty.xem4f.mak" src="package.bld"/>
        <srcFile name="package/rel/configPkg.tar.dep" src="package/rel/configPkg.xdc.inc"/>
    </makefiles>
    <targets>
        <target name="ti.targets.arm.elf.M4F"
            version="ti.targets.arm.elf.M4F{1,0,5.2,4"
            rawVersion="5.2.4"
            platform="ti.platforms.stellaris:LM4FSXLH5BB:1"
            isa="v7M4"
            suffix="em4f"
            rootDir="C:/TI/ccsv6/tools/compiler/ti-cgt-arm_5.2.4"
            os="undefined"
            rts="ti.targets.arm.rtsarm">
            <model endian="little"
                codeModel="thumb2"
                dataModel="undefined"/>
        </target>
    </targets>
    <libraries>
    </libraries>
    <configurations>
    <configuration name="empty"
        pname="empty.pem4f"
        target="ti.targets.arm.elf.M4F"
        platform="ti.platforms.msp432:MSP432P401R"
        profile="release"
        isPartial="false"
        xCfgScript="package/cfg/empty_pem4f.cfg"
        xCfgPrefix="package/cfg/empty_pem4f"
        cfgScript="C:/Users/a0159877/workspace_v6_0_ORIG_EAW_TTO/blink_MSP432_401R_HWI_SOL/empty.cfg"
        cfgArgs="null"
        />
    </configurations>
    <executables>
    <executable name="empty"
        pname="empty.xem4f"
        target="ti.targets.arm.elf.M4F"
        platform="ti.platforms.msp432:MSP432P401R"
        profile="release"
        xCfgScript="package/cfg/empty_pem4f.cfg"
        xCfgPrefix="package/cfg/empty_pem4f"
        cfgScript="C:/Users/a0159877/workspace_v6_0_ORIG_EAW_TTO/blink_MSP432_401R_HWI_SOL/empty.cfg"
        cfgArgs="null"
        />
    </executables>
    <tests>
    <test exeName="empty.xem4f"
        args=""
        groupName="empty.xem4f"
        refOutput="undefined"
        refExitCode="0"
        execArgs=""
        />
    </tests>
    <releases relDir="package/rel/">
    <release name="configPkg"
        pname="configPkg.tar"
        label="default"
    >
        <file name="package/package.bld.xml"/>
        <file name="package/build.cfg"/>
        <file name="package/package.xdc.inc"/>
    </release>
    </releases>
    <repositories>
    </repositories>
</package>
