<?xml version="1.0" encoding="windows-1252"?>
<!--  This file conforms to the DTD xdc/bld/build.dtd -->
<package name="xconfig_MIN_BIOS" version="" producerId="undefined">
    <units>
    </units>
    <sources>
        <srcFile name="package/cfg/MIN_BIOS_pe430X.c"/>
    </sources>
    <configscripts>
        <srcFile name="C:/Users/a0159877/workspace_v5_5/MSP430_TSK_SEM_BIOS_MIN_FOOTPRINT/MIN_BIOS.cfg"/>
    </configscripts>
    <makefiles>
        <srcFile name="package.mak" src="package.bld"/>
        <srcFile name="package/package.xdc.dep" src="package.xdc"/>
        <srcFile name="package/cfg/MIN_BIOS_pe430X.mak" src="package.bld"/>
        <srcFile name="package/cfg/MIN_BIOS_pe430X.oe430X.dep" src="package/cfg/MIN_BIOS_pe430X.c"/>
        <srcFile name="package/cfg/MIN_BIOS_pe430X.dep" src="package/cfg/MIN_BIOS_pe430X.cfg"/>
        <srcFile name="package/cfg/MIN_BIOS.xe430X.mak" src="package.bld"/>
        <srcFile name="package/rel/xconfig_MIN_BIOS.tar.dep" src="package/rel/xconfig_MIN_BIOS.xdc.inc"/>
    </makefiles>
    <targets>
        <target name="ti.targets.msp430.elf.MSP430X"
            version="ti.targets.msp430.elf.MSP430X{1,0,4.2,2"
            rawVersion="4.2.2"
            platform="ti.platforms.exp430F5438"
            isa="430X"
            suffix="e430X"
            rootDir="C:/CCStudio_v5.5/ccsv5/tools/compiler/msp430_4.2.2"
            os="undefined"
            rts="ti.targets.msp430.rts430">
            <model endian="little"
                codeModel="large"
                dataModel="restricted"/>
        </target>
    </targets>
    <libraries>
    </libraries>
    <configurations>
    <configuration name="MIN_BIOS"
        pname="MIN_BIOS.pe430X"
        target="ti.targets.msp430.elf.MSP430X"
        platform="ti.platforms.msp430:MSP430F5529"
        profile="release"
        isPartial="false"
        xCfgScript="package/cfg/MIN_BIOS_pe430X.cfg"
        xCfgPrefix="package/cfg/MIN_BIOS_pe430X"
        cfgScript="C:/Users/a0159877/workspace_v5_5/MSP430_TSK_SEM_BIOS_MIN_FOOTPRINT/MIN_BIOS.cfg"
        cfgArgs="null"
        />
    </configurations>
    <executables>
    <executable name="MIN_BIOS"
        pname="MIN_BIOS.xe430X"
        target="ti.targets.msp430.elf.MSP430X"
        platform="ti.platforms.msp430:MSP430F5529"
        profile="release"
        xCfgScript="package/cfg/MIN_BIOS_pe430X.cfg"
        xCfgPrefix="package/cfg/MIN_BIOS_pe430X"
        cfgScript="C:/Users/a0159877/workspace_v5_5/MSP430_TSK_SEM_BIOS_MIN_FOOTPRINT/MIN_BIOS.cfg"
        cfgArgs="null"
        />
    </executables>
    <tests>
    <test exeName="MIN_BIOS.xe430X"
        args=""
        groupName="MIN_BIOS.xe430X"
        refOutput="undefined"
        refExitCode="0"
        execArgs=""
        />
    </tests>
    <releases relDir="package/rel/">
    <release name="xconfig_MIN_BIOS"
        pname="xconfig_MIN_BIOS.tar"
        label="default"
    >
        <file name="package/package.bld.xml"/>
        <file name="package/build.cfg"/>
        <file name="package/package.xdc.inc"/>
    </release>
    </releases>
    <repositories>
    </repositories>
</package>
