<xdc.runtime.Types.RtaDecoderData>
  <targetName>ti.targets.arm.elf.M4F</targetName>
  <binaryParser>ti.targets.omf.elf.Elf32</binaryParser>
  <endian>little</endian>
  <bitsPerChar>8</bitsPerChar>
  <argSize>4</argSize>
  <eventSize>48</eventSize>
  <dataTransportClassName>undefined</dataTransportClassName>
  <controlTransportClassName>undefined</controlTransportClassName>
  <loggers-length>1</loggers-length>
  <loggers>
    <name>xdc.runtime.LoggerBuf.Instance#0</name>
    <type>xdc.runtime.LoggerBuf</type>
    <metaArgs>
      <bufferSymbol>xdc_runtime_LoggerBuf_Instance_State_0_entryArr__A</bufferSymbol>
      <bufferSize>128</bufferSize>
    </metaArgs>
  </loggers>
  <modMap-length>35</modMap-length>
  <modMap key="xdc.runtime.Assert">
    <id>1</id>
    <logger>null</logger>
    <diagsMask>0000100000000000</diagsMask>
  </modMap>
  <modMap key="xdc.runtime.Core">
    <id>2</id>
    <logger>null</logger>
    <diagsMask>0000100000000000</diagsMask>
  </modMap>
  <modMap key="xdc.runtime.Defaults">
    <id>3</id>
    <logger>xdc.runtime.LoggerBuf.Instance#0</logger>
    <diagsMask>0000110000000000</diagsMask>
  </modMap>
  <modMap key="xdc.runtime.Diags">
    <id>4</id>
    <logger>null</logger>
    <diagsMask>0000100000000000</diagsMask>
  </modMap>
  <modMap key="xdc.runtime.Error">
    <id>5</id>
    <logger>xdc.runtime.LoggerBuf.Instance#0</logger>
    <diagsMask>0000110000000000</diagsMask>
  </modMap>
  <modMap key="xdc.runtime.Gate">
    <id>6</id>
    <logger>null</logger>
    <diagsMask>0000100000000000</diagsMask>
  </modMap>
  <modMap key="xdc.runtime.Log">
    <id>7</id>
    <logger>null</logger>
    <diagsMask>0000100000000000</diagsMask>
  </modMap>
  <modMap key="xdc.runtime.LoggerBuf">
    <id>8</id>
    <logger>null</logger>
    <diagsMask>0000100000000000</diagsMask>
  </modMap>
  <modMap key="xdc.runtime.Main">
    <id>32770</id>
    <logger>xdc.runtime.LoggerBuf.Instance#0</logger>
    <diagsMask>0000110000000010</diagsMask>
  </modMap>
  <modMap key="xdc.runtime.Memory">
    <id>32771</id>
    <logger>null</logger>
    <diagsMask>0000100000000000</diagsMask>
  </modMap>
  <modMap key="xdc.runtime.HeapMin">
    <id>9</id>
    <logger>null</logger>
    <diagsMask>0000100000000000</diagsMask>
  </modMap>
  <modMap key="xdc.runtime.Registry">
    <id>10</id>
    <logger>xdc.runtime.LoggerBuf.Instance#0</logger>
    <diagsMask>0000110000000000</diagsMask>
  </modMap>
  <modMap key="xdc.runtime.Startup">
    <id>11</id>
    <logger>null</logger>
    <diagsMask>0000100000000000</diagsMask>
  </modMap>
  <modMap key="xdc.runtime.System">
    <id>12</id>
    <logger>null</logger>
    <diagsMask>0000100000000000</diagsMask>
  </modMap>
  <modMap key="xdc.runtime.SysMin">
    <id>13</id>
    <logger>null</logger>
    <diagsMask>0000100000000000</diagsMask>
  </modMap>
  <modMap key="xdc.runtime.Text">
    <id>14</id>
    <logger>null</logger>
    <diagsMask>0000100000000000</diagsMask>
  </modMap>
  <modMap key="xdc.runtime.Timestamp">
    <id>15</id>
    <logger>null</logger>
    <diagsMask>0000100000000000</diagsMask>
  </modMap>
  <modMap key="ti.catalog.arm.cortexm4.tiva.ce.Boot">
    <id>23</id>
    <logger>xdc.runtime.LoggerBuf.Instance#0</logger>
    <diagsMask>0000110000000000</diagsMask>
  </modMap>
  <modMap key="ti.sysbios.BIOS">
    <id>24</id>
    <logger>xdc.runtime.LoggerBuf.Instance#0</logger>
    <diagsMask>0000110000000000</diagsMask>
  </modMap>
  <modMap key="ti.sysbios.hal.Hwi">
    <id>26</id>
    <logger>xdc.runtime.LoggerBuf.Instance#0</logger>
    <diagsMask>0000110000000000</diagsMask>
  </modMap>
  <modMap key="ti.sysbios.hal.Timer">
    <id>27</id>
    <logger>xdc.runtime.LoggerBuf.Instance#0</logger>
    <diagsMask>0000110000000000</diagsMask>
  </modMap>
  <modMap key="ti.sysbios.knl.Clock">
    <id>30</id>
    <logger>xdc.runtime.LoggerBuf.Instance#0</logger>
    <diagsMask>0000110000000000</diagsMask>
  </modMap>
  <modMap key="ti.sysbios.knl.Idle">
    <id>31</id>
    <logger>xdc.runtime.LoggerBuf.Instance#0</logger>
    <diagsMask>0000110000000000</diagsMask>
  </modMap>
  <modMap key="ti.sysbios.knl.Intrinsics">
    <id>32</id>
    <logger>xdc.runtime.LoggerBuf.Instance#0</logger>
    <diagsMask>0000110000000000</diagsMask>
  </modMap>
  <modMap key="ti.sysbios.knl.Queue">
    <id>33</id>
    <logger>xdc.runtime.LoggerBuf.Instance#0</logger>
    <diagsMask>0000110000000000</diagsMask>
  </modMap>
  <modMap key="ti.sysbios.knl.Semaphore">
    <id>34</id>
    <logger>xdc.runtime.LoggerBuf.Instance#0</logger>
    <diagsMask>0000110000000000</diagsMask>
  </modMap>
  <modMap key="ti.sysbios.knl.Swi">
    <id>35</id>
    <logger>xdc.runtime.LoggerBuf.Instance#0</logger>
    <diagsMask>0000110000000000</diagsMask>
  </modMap>
  <modMap key="ti.sysbios.knl.Task">
    <id>36</id>
    <logger>xdc.runtime.LoggerBuf.Instance#0</logger>
    <diagsMask>0000110000000000</diagsMask>
  </modMap>
  <modMap key="ti.sysbios.family.arm.m3.Hwi">
    <id>39</id>
    <logger>xdc.runtime.LoggerBuf.Instance#0</logger>
    <diagsMask>0000110000000000</diagsMask>
  </modMap>
  <modMap key="ti.sysbios.family.arm.m3.IntrinsicsSupport">
    <id>40</id>
    <logger>xdc.runtime.LoggerBuf.Instance#0</logger>
    <diagsMask>0000110000000000</diagsMask>
  </modMap>
  <modMap key="ti.sysbios.family.arm.m3.TaskSupport">
    <id>41</id>
    <logger>xdc.runtime.LoggerBuf.Instance#0</logger>
    <diagsMask>0000110000000000</diagsMask>
  </modMap>
  <modMap key="ti.sysbios.family.arm.lm4.TimestampProvider">
    <id>42</id>
    <logger>xdc.runtime.LoggerBuf.Instance#0</logger>
    <diagsMask>0000100000000000</diagsMask>
  </modMap>
  <modMap key="ti.sysbios.family.arm.lm4.Timer">
    <id>43</id>
    <logger>xdc.runtime.LoggerBuf.Instance#0</logger>
    <diagsMask>0000110000000000</diagsMask>
  </modMap>
  <modMap key="ti.sysbios.gates.GateHwi">
    <id>44</id>
    <logger>xdc.runtime.LoggerBuf.Instance#0</logger>
    <diagsMask>0000110000000000</diagsMask>
  </modMap>
  <modMap key="ti.sysbios.gates.GateMutex">
    <id>45</id>
    <logger>xdc.runtime.LoggerBuf.Instance#0</logger>
    <diagsMask>0000110000000000</diagsMask>
  </modMap>
  <evtMap-length>31</evtMap-length>
  <evtMap key="xdc.runtime.Log.L_construct">
    <id>3464</id>
    <msg>%3C--+construct%3A+%25p%28%27%25s%27%29</msg>
  </evtMap>
  <evtMap key="xdc.runtime.Log.L_create">
    <id>3488</id>
    <msg>%3C--+create%3A+%25p%28%27%25s%27%29</msg>
  </evtMap>
  <evtMap key="xdc.runtime.Log.L_destruct">
    <id>3509</id>
    <msg>--%3E+destruct%3A+%28%25p%29</msg>
  </evtMap>
  <evtMap key="xdc.runtime.Log.L_delete">
    <id>3528</id>
    <msg>--%3E+delete%3A+%28%25p%29</msg>
  </evtMap>
  <evtMap key="xdc.runtime.Log.L_error">
    <id>3545</id>
    <msg>ERROR%3A+%25%24F%25%24S</msg>
  </evtMap>
  <evtMap key="xdc.runtime.Log.L_warning">
    <id>3559</id>
    <msg>WARNING%3A+%25%24F%25%24S</msg>
  </evtMap>
  <evtMap key="xdc.runtime.Log.L_info">
    <id>3575</id>
    <msg>%25%24F%25%24S</msg>
  </evtMap>
  <evtMap key="xdc.runtime.Log.L_start">
    <id>3582</id>
    <msg>Start%3A+%25%24S</msg>
  </evtMap>
  <evtMap key="xdc.runtime.Log.L_stop">
    <id>3593</id>
    <msg>Stop%3A+%25%24S</msg>
  </evtMap>
  <evtMap key="xdc.runtime.Log.L_startInstance">
    <id>3603</id>
    <msg>StartInstance%3A+%25%24S</msg>
  </evtMap>
  <evtMap key="xdc.runtime.Log.L_stopInstance">
    <id>3622</id>
    <msg>StopInstance%3A+%25%24S</msg>
  </evtMap>
  <evtMap key="ti.sysbios.knl.Clock.LW_delayed">
    <id>3640</id>
    <msg>LW_delayed%3A+delay%3A+%25d</msg>
  </evtMap>
  <evtMap key="ti.sysbios.knl.Clock.LM_tick">
    <id>3662</id>
    <msg>LM_tick%3A+tick%3A+%25d</msg>
  </evtMap>
  <evtMap key="ti.sysbios.knl.Clock.LM_begin">
    <id>3680</id>
    <msg>LM_begin%3A+clk%3A+0x%25x%2C+func%3A+0x%25x</msg>
  </evtMap>
  <evtMap key="ti.sysbios.knl.Semaphore.LM_post">
    <id>3712</id>
    <msg>LM_post%3A+sem%3A+0x%25x%2C+count%3A+%25d</msg>
  </evtMap>
  <evtMap key="ti.sysbios.knl.Semaphore.LM_pend">
    <id>3742</id>
    <msg>LM_pend%3A+sem%3A+0x%25x%2C+count%3A+%25d%2C+timeout%3A+%25d</msg>
  </evtMap>
  <evtMap key="ti.sysbios.knl.Swi.LM_begin">
    <id>3785</id>
    <msg>LM_begin%3A+swi%3A+0x%25x%2C+func%3A+0x%25x%2C+preThread%3A+%25d</msg>
  </evtMap>
  <evtMap key="ti.sysbios.knl.Swi.LD_end">
    <id>3832</id>
    <msg>LD_end%3A+swi%3A+0x%25x</msg>
  </evtMap>
  <evtMap key="ti.sysbios.knl.Swi.LM_post">
    <id>3850</id>
    <msg>LM_post%3A+swi%3A+0x%25x%2C+func%3A+0x%25x%2C+pri%3A+%25d</msg>
  </evtMap>
  <evtMap key="ti.sysbios.knl.Task.LM_switch">
    <id>3890</id>
    <msg>LM_switch%3A+oldtsk%3A+0x%25x%2C+oldfunc%3A+0x%25x%2C+newtsk%3A+0x%25x%2C+newfunc%3A+0x%25x</msg>
  </evtMap>
  <evtMap key="ti.sysbios.knl.Task.LM_sleep">
    <id>3958</id>
    <msg>LM_sleep%3A+tsk%3A+0x%25x%2C+func%3A+0x%25x%2C+timeout%3A+%25d</msg>
  </evtMap>
  <evtMap key="ti.sysbios.knl.Task.LD_ready">
    <id>4003</id>
    <msg>LD_ready%3A+tsk%3A+0x%25x%2C+func%3A+0x%25x%2C+pri%3A+%25d</msg>
  </evtMap>
  <evtMap key="ti.sysbios.knl.Task.LD_block">
    <id>4044</id>
    <msg>LD_block%3A+tsk%3A+0x%25x%2C+func%3A+0x%25x</msg>
  </evtMap>
  <evtMap key="ti.sysbios.knl.Task.LM_yield">
    <id>4076</id>
    <msg>LM_yield%3A+tsk%3A+0x%25x%2C+func%3A+0x%25x%2C+currThread%3A+%25d</msg>
  </evtMap>
  <evtMap key="ti.sysbios.knl.Task.LM_setPri">
    <id>4124</id>
    <msg>LM_setPri%3A+tsk%3A+0x%25x%2C+func%3A+0x%25x%2C+oldPri%3A+%25d%2C+newPri+%25d</msg>
  </evtMap>
  <evtMap key="ti.sysbios.knl.Task.LD_exit">
    <id>4180</id>
    <msg>LD_exit%3A+tsk%3A+0x%25x%2C+func%3A+0x%25x</msg>
  </evtMap>
  <evtMap key="ti.sysbios.knl.Task.LM_setAffinity">
    <id>4211</id>
    <msg>LM_setAffinity%3A+tsk%3A+0x%25x%2C+func%3A+0x%25x%2C+oldCore%3A+%25d%2C+oldAffinity+%25d%2C+newAffinity+%25d</msg>
  </evtMap>
  <evtMap key="ti.sysbios.knl.Task.LM_schedule">
    <id>4294</id>
    <msg>LD_schedule%3A+coreId%3A+%25d%2C+workFlag%3A+%25d%2C+curSetLocal%3A+%25d%2C+curSetX%3A+%25d%2C+curMaskLocal%3A+%25d</msg>
  </evtMap>
  <evtMap key="ti.sysbios.knl.Task.LM_noWork">
    <id>4380</id>
    <msg>LD_noWork%3A+coreId%3A+%25d%2C+curSetLocal%3A+%25d%2C+curSetX%3A+%25d%2C+curMaskLocal%3A+%25d</msg>
  </evtMap>
  <evtMap key="ti.sysbios.family.arm.m3.Hwi.LM_begin">
    <id>4450</id>
    <msg>LM_begin%3A+hwi%3A+0x%25x%2C+func%3A+0x%25x%2C+preThread%3A+%25d%2C+intNum%3A+%25d%2C+irp%3A+0x%25x</msg>
  </evtMap>
  <evtMap key="ti.sysbios.family.arm.m3.Hwi.LD_end">
    <id>4520</id>
    <msg>LD_end%3A+hwi%3A+0x%25x</msg>
  </evtMap>
</xdc.runtime.Types.RtaDecoderData>
