<?xml version="1.0" encoding="UTF-8"?>
<uiaEventData>
   <hdr>
      <hdrType>
         <word>0</word>
         <width>5</width>
         <lsb>27</lsb>
         <enumValue value="0">
            <name>Event</name>
         </enumValue>
         <enumValue value="1">
            <name>EventWithTimestamp</name>
         </enumValue>
         <enumValue value="2">
            <name>EventWithSnapshotId</name>
         </enumValue>
         <enumValue value="3">
            <name>EventWithSnapshotIdAndTimestamp</name>
         </enumValue>
      </hdrType>
      <hdrLayout>
         <!-- Header for an event with no timestamps or calling address -->
         <header name="Event">
            <numWords>2</numWords>
            <word index="0">
               <bitfield name="lengthInMAUs">
                  <width>11</width>
                  <lsb>16</lsb>
               </bitfield>
               <bitfield name="sequenceID">
                  <width>16</width>
                  <lsb>0</lsb>
               </bitfield>
            </word>
            <word index="1">
               <bitfield name="eventID">
               <width>16</width>
               <lsb>16</lsb>
               </bitfield>
               <bitfield name="moduleID">
               <width>16</width>
               <lsb>0</lsb>
               </bitfield>
            </word>
         </header>
         <!-- Header for an event with 64b timestamp -->
         <header name="EventWithTimestamp">
            <numWords>4</numWords>
            <word index="0">
               <bitfield name="lengthInMAUs">
                  <width>11</width>
                  <lsb>16</lsb>
               </bitfield>
               <bitfield name="sequenceID">
                  <width>16</width>
                  <lsb>0</lsb>
               </bitfield>
            </word>
            <word index="1">
               <bitfield name="timestampLSW">
                  <width>32</width>
                  <lsb>0</lsb>
               </bitfield>
            </word>
            <word index="2">
               <bitfield name="timestampMSW">
                  <width>32</width>
                  <lsb>0</lsb>
               </bitfield>
            </word>
            <word index="3">
               <bitfield name="eventID">
                  <width>16</width>
                  <lsb>16</lsb>
               </bitfield>
               <bitfield name="moduleID">
                  <width>16</width>
                  <lsb>0</lsb>
               </bitfield>
            </word>
         </header>
         <!-- Header for a snapshot event (no timestamps) -->
         <header name="EventWithSnapshotId">
            <numWords>2</numWords>
            <word index="0">
               <bitfield name="lengthInMAUs">
                  <width>11</width>
                  <lsb>16</lsb>
               </bitfield>
               <bitfield name="sequenceID">
                  <width>16</width>
                  <lsb>0</lsb>
               </bitfield>
            </word>
            <word index="1">
               <bitfield name="eventID">
                  <width>16</width>
                  <lsb>16</lsb>
               </bitfield>
               <bitfield name="moduleID">
                  <width>16</width>
                  <lsb>0</lsb>
               </bitfield>
            </word>
         </header>
         <!-- Header for a snapshot event with 64b timestamps -->
         <header name="EventWithSnapshotIdAndTimestamp">
            <numWords>4</numWords>
            <word index="0">
               <bitfield name="lengthInMAUs">
                  <width>11</width>
                  <lsb>16</lsb>
               </bitfield>
               <bitfield name="sequenceID">
                  <width>16</width>
                  <lsb>0</lsb>
               </bitfield>
            </word>
            <word index="1">
               <bitfield name="timestampLSW">
                  <width>32</width>
                  <lsb>0</lsb>
               </bitfield>
            </word>
            <word index="2">
               <bitfield name="timestampMSW">
                  <width>32</width>
                  <lsb>0</lsb>
               </bitfield>
            </word>
            <word index="3">
               <bitfield name="eventID">
                  <width>16</width>
                  <lsb>16</lsb>
               </bitfield>
               <bitfield name="moduleID">
                  <width>16</width>
                  <lsb>0</lsb>
               </bitfield>
            </word>
         </header>
      </hdrLayout>
   </hdr>
   <evtMap id="4677">
      <longName>xdc.runtime.Log.L_construct</longName>
      <shortName>Log_L_construct</shortName>
      <moduleId>32776</moduleId>
      <diagMask>4</diagMask>
      <msg>%3C--+construct%3A+%25p%28%27%25s%27%29</msg>
      <eventType>LIFECYCLE</eventType>
   </evtMap>
   <evtMap id="4701">
      <longName>xdc.runtime.Log.L_create</longName>
      <shortName>Log_L_create</shortName>
      <moduleId>32776</moduleId>
      <diagMask>4</diagMask>
      <msg>%3C--+create%3A+%25p%28%27%25s%27%29</msg>
      <eventType>LIFECYCLE</eventType>
   </evtMap>
   <evtMap id="4722">
      <longName>xdc.runtime.Log.L_destruct</longName>
      <shortName>Log_L_destruct</shortName>
      <moduleId>32776</moduleId>
      <diagMask>4</diagMask>
      <msg>--%3E+destruct%3A+%28%25p%29</msg>
      <eventType>LIFECYCLE</eventType>
   </evtMap>
   <evtMap id="4741">
      <longName>xdc.runtime.Log.L_delete</longName>
      <shortName>Log_L_delete</shortName>
      <moduleId>32776</moduleId>
      <diagMask>4</diagMask>
      <msg>--%3E+delete%3A+%28%25p%29</msg>
      <eventType>LIFECYCLE</eventType>
   </evtMap>
   <evtMap id="4758">
      <longName>xdc.runtime.Log.L_error</longName>
      <shortName>Log_L_error</shortName>
      <moduleId>32776</moduleId>
      <diagMask>128</diagMask>
      <msg>ERROR%3A+%25%24F%25%24S</msg>
      <eventType>ERROR</eventType>
   </evtMap>
   <evtMap id="4772">
      <longName>xdc.runtime.Log.L_warning</longName>
      <shortName>Log_L_warning</shortName>
      <moduleId>32776</moduleId>
      <diagMask>128</diagMask>
      <msg>WARNING%3A+%25%24F%25%24S</msg>
      <eventType>WARNING</eventType>
   </evtMap>
   <evtMap id="4788">
      <longName>xdc.runtime.Log.L_info</longName>
      <shortName>Log_L_info</shortName>
      <moduleId>32776</moduleId>
      <diagMask>16384</diagMask>
      <msg>%25%24F%25%24S</msg>
      <eventType>INFO</eventType>
   </evtMap>
   <evtMap id="4795">
      <longName>xdc.runtime.Log.L_start</longName>
      <shortName>Log_L_start</shortName>
      <moduleId>32776</moduleId>
      <diagMask>32768</diagMask>
      <msg>Start%3A+%25%24S</msg>
      <eventType>ANALYSIS</eventType>
   </evtMap>
   <evtMap id="4806">
      <longName>xdc.runtime.Log.L_stop</longName>
      <shortName>Log_L_stop</shortName>
      <moduleId>32776</moduleId>
      <diagMask>32768</diagMask>
      <msg>Stop%3A+%25%24S</msg>
      <eventType>ANALYSIS</eventType>
   </evtMap>
   <evtMap id="4816">
      <longName>xdc.runtime.Log.L_startInstance</longName>
      <shortName>Log_L_startInstance</shortName>
      <moduleId>32776</moduleId>
      <diagMask>32768</diagMask>
      <msg>StartInstance%3A+%25%24S</msg>
      <eventType>ANALYSIS</eventType>
   </evtMap>
   <evtMap id="4835">
      <longName>xdc.runtime.Log.L_stopInstance</longName>
      <shortName>Log_L_stopInstance</shortName>
      <moduleId>32776</moduleId>
      <diagMask>32768</diagMask>
      <msg>StopInstance%3A+%25%24S</msg>
      <eventType>ANALYSIS</eventType>
   </evtMap>
   <evtMap id="4853">
      <longName>ti.sysbios.knl.Clock.LW_delayed</longName>
      <shortName>Clock_LW_delayed</shortName>
      <moduleId>32799</moduleId>
      <diagMask>1024</diagMask>
      <msg>LW_delayed%3A+delay%3A+%25d</msg>
   </evtMap>
   <evtMap id="4875">
      <longName>ti.sysbios.knl.Clock.LM_tick</longName>
      <shortName>Clock_LM_tick</shortName>
      <moduleId>32799</moduleId>
      <diagMask>768</diagMask>
      <msg>LM_tick%3A+tick%3A+%25d</msg>
   </evtMap>
   <evtMap id="4893">
      <longName>ti.sysbios.knl.Clock.LM_begin</longName>
      <shortName>Clock_LM_begin</shortName>
      <moduleId>32799</moduleId>
      <diagMask>768</diagMask>
      <msg>LM_begin%3A+clk%3A+0x%25x%2C+func%3A+0x%25x</msg>
   </evtMap>
   <evtMap id="4925">
      <longName>ti.sysbios.knl.Event.LM_post</longName>
      <shortName>Event_LM_post</shortName>
      <moduleId>32802</moduleId>
      <diagMask>768</diagMask>
      <msg>LM_post%3A+event%3A+0x%25x%2C+currEvents%3A+0x%25x%2C+eventId%3A+0x%25x</msg>
   </evtMap>
   <evtMap id="4979">
      <longName>ti.sysbios.knl.Event.LM_pend</longName>
      <shortName>Event_LM_pend</shortName>
      <moduleId>32802</moduleId>
      <diagMask>768</diagMask>
      <msg>LM_pend%3A+event%3A+0x%25x%2C+currEvents%3A+0x%25x%2C+andMask%3A+0x%25x%2C+orMask%3A+0x%25x%2C+timeout%3A+%25d</msg>
   </evtMap>
   <evtMap id="5060">
      <longName>ti.sysbios.knl.Semaphore.LM_post</longName>
      <shortName>Semaphore_LM_post</shortName>
      <moduleId>32804</moduleId>
      <diagMask>768</diagMask>
      <msg>LM_post%3A+sem%3A+0x%25x%2C+count%3A+%25d</msg>
   </evtMap>
   <evtMap id="5090">
      <longName>ti.sysbios.knl.Semaphore.LM_pend</longName>
      <shortName>Semaphore_LM_pend</shortName>
      <moduleId>32804</moduleId>
      <diagMask>768</diagMask>
      <msg>LM_pend%3A+sem%3A+0x%25x%2C+count%3A+%25d%2C+timeout%3A+%25d</msg>
   </evtMap>
   <evtMap id="5133">
      <longName>ti.sysbios.knl.Swi.LM_begin</longName>
      <shortName>Swi_LM_begin</shortName>
      <moduleId>32805</moduleId>
      <diagMask>768</diagMask>
      <msg>LM_begin%3A+swi%3A+0x%25x%2C+func%3A+0x%25x%2C+preThread%3A+%25d</msg>
   </evtMap>
   <evtMap id="5180">
      <longName>ti.sysbios.knl.Swi.LD_end</longName>
      <shortName>Swi_LD_end</shortName>
      <moduleId>32805</moduleId>
      <diagMask>512</diagMask>
      <msg>LD_end%3A+swi%3A+0x%25x</msg>
   </evtMap>
   <evtMap id="5198">
      <longName>ti.sysbios.knl.Swi.LM_post</longName>
      <shortName>Swi_LM_post</shortName>
      <moduleId>32805</moduleId>
      <diagMask>768</diagMask>
      <msg>LM_post%3A+swi%3A+0x%25x%2C+func%3A+0x%25x%2C+pri%3A+%25d</msg>
   </evtMap>
   <evtMap id="5238">
      <longName>ti.sysbios.knl.Task.LM_switch</longName>
      <shortName>Task_LM_switch</shortName>
      <moduleId>32806</moduleId>
      <diagMask>768</diagMask>
      <msg>LM_switch%3A+oldtsk%3A+0x%25x%2C+oldfunc%3A+0x%25x%2C+newtsk%3A+0x%25x%2C+newfunc%3A+0x%25x</msg>
   </evtMap>
   <evtMap id="5306">
      <longName>ti.sysbios.knl.Task.LM_sleep</longName>
      <shortName>Task_LM_sleep</shortName>
      <moduleId>32806</moduleId>
      <diagMask>768</diagMask>
      <msg>LM_sleep%3A+tsk%3A+0x%25x%2C+func%3A+0x%25x%2C+timeout%3A+%25d</msg>
   </evtMap>
   <evtMap id="5351">
      <longName>ti.sysbios.knl.Task.LD_ready</longName>
      <shortName>Task_LD_ready</shortName>
      <moduleId>32806</moduleId>
      <diagMask>512</diagMask>
      <msg>LD_ready%3A+tsk%3A+0x%25x%2C+func%3A+0x%25x%2C+pri%3A+%25d</msg>
   </evtMap>
   <evtMap id="5392">
      <longName>ti.sysbios.knl.Task.LD_block</longName>
      <shortName>Task_LD_block</shortName>
      <moduleId>32806</moduleId>
      <diagMask>512</diagMask>
      <msg>LD_block%3A+tsk%3A+0x%25x%2C+func%3A+0x%25x</msg>
   </evtMap>
   <evtMap id="5424">
      <longName>ti.sysbios.knl.Task.LM_yield</longName>
      <shortName>Task_LM_yield</shortName>
      <moduleId>32806</moduleId>
      <diagMask>768</diagMask>
      <msg>LM_yield%3A+tsk%3A+0x%25x%2C+func%3A+0x%25x%2C+currThread%3A+%25d</msg>
   </evtMap>
   <evtMap id="5472">
      <longName>ti.sysbios.knl.Task.LM_setPri</longName>
      <shortName>Task_LM_setPri</shortName>
      <moduleId>32806</moduleId>
      <diagMask>768</diagMask>
      <msg>LM_setPri%3A+tsk%3A+0x%25x%2C+func%3A+0x%25x%2C+oldPri%3A+%25d%2C+newPri+%25d</msg>
   </evtMap>
   <evtMap id="5528">
      <longName>ti.sysbios.knl.Task.LD_exit</longName>
      <shortName>Task_LD_exit</shortName>
      <moduleId>32806</moduleId>
      <diagMask>512</diagMask>
      <msg>LD_exit%3A+tsk%3A+0x%25x%2C+func%3A+0x%25x</msg>
   </evtMap>
   <evtMap id="5559">
      <longName>ti.sysbios.knl.Task.LM_setAffinity</longName>
      <shortName>Task_LM_setAffinity</shortName>
      <moduleId>32806</moduleId>
      <diagMask>768</diagMask>
      <msg>LM_setAffinity%3A+tsk%3A+0x%25x%2C+func%3A+0x%25x%2C+oldCore%3A+%25d%2C+oldAffinity+%25d%2C+newAffinity+%25d</msg>
   </evtMap>
   <evtMap id="5642">
      <longName>ti.sysbios.knl.Task.LM_schedule</longName>
      <shortName>Task_LM_schedule</shortName>
      <moduleId>32806</moduleId>
      <diagMask>1024</diagMask>
      <msg>LD_schedule%3A+coreId%3A+%25d%2C+workFlag%3A+%25d%2C+curSetLocal%3A+%25d%2C+curSetX%3A+%25d%2C+curMaskLocal%3A+%25d</msg>
   </evtMap>
   <evtMap id="5728">
      <longName>ti.sysbios.knl.Task.LM_noWork</longName>
      <shortName>Task_LM_noWork</shortName>
      <moduleId>32806</moduleId>
      <diagMask>1024</diagMask>
      <msg>LD_noWork%3A+coreId%3A+%25d%2C+curSetLocal%3A+%25d%2C+curSetX%3A+%25d%2C+curMaskLocal%3A+%25d</msg>
   </evtMap>
   <evtMap id="5798">
      <longName>ti.sysbios.family.arm.m3.Hwi.LM_begin</longName>
      <shortName>Hwi_LM_begin</shortName>
      <moduleId>32810</moduleId>
      <diagMask>768</diagMask>
      <msg>LM_begin%3A+hwi%3A+0x%25x%2C+func%3A+0x%25x%2C+preThread%3A+%25d%2C+intNum%3A+%25d%2C+irp%3A+0x%25x</msg>
   </evtMap>
   <evtMap id="5868">
      <longName>ti.sysbios.family.arm.m3.Hwi.LD_end</longName>
      <shortName>Hwi_LD_end</shortName>
      <moduleId>32810</moduleId>
      <diagMask>512</diagMask>
      <msg>LD_end%3A+hwi%3A+0x%25x</msg>
   </evtMap>
   <evtMap id="5886">
      <longName>ti.uia.events.UIABenchmark.start</longName>
      <shortName>UIABenchmark_start</shortName>
      <moduleId>32819</moduleId>
      <diagMask>32768</diagMask>
      <msg>Start%3A+%25%24S+</msg>
      <eventType>ANALYSIS</eventType>
      <dvtEventDescriptor name="metaEventStart">
         <versionId>2.0</versionId>
         <analysisType>ti.uia.events.DvtTypes.DvtAnalysisType_START</analysisType>
         <displayText>Start</displayText>
         <tooltipText>Marks the start of analysis</tooltipText>
         <isMultiEventRecordItem>false</isMultiEventRecordItem>
         <numParameters>1</numParameters>
         <parameter index="0">
            <name>fmt</name>
            <dvtDataDesc>ti.uia.events.DvtTypes.DvtDataDesc_FMTSTR</dvtDataDesc>
            <dataTypeName>String</dataTypeName>
            <units>none</units>
            <isHidden>false</isHidden>
         </parameter>
      </dvtEventDescriptor>
   </evtMap>
   <evtMap id="5898">
      <longName>ti.uia.events.UIABenchmark.stop</longName>
      <shortName>UIABenchmark_stop</shortName>
      <moduleId>32819</moduleId>
      <diagMask>32768</diagMask>
      <msg>Stop%3A+%25%24S+</msg>
      <eventType>ANALYSIS</eventType>
      <dvtEventDescriptor name="metaEventStop">
         <versionId>2.0</versionId>
         <analysisType>ti.uia.events.DvtTypes.DvtAnalysisType_STOP</analysisType>
         <displayText>Stop</displayText>
         <tooltipText>Marks the end of analysis</tooltipText>
         <isMultiEventRecordItem>false</isMultiEventRecordItem>
         <numParameters>1</numParameters>
         <parameter index="0">
            <name>fmt</name>
            <dvtDataDesc>ti.uia.events.DvtTypes.DvtDataDesc_FMTSTR</dvtDataDesc>
            <dataTypeName>String</dataTypeName>
            <units>none</units>
            <isHidden>false</isHidden>
         </parameter>
      </dvtEventDescriptor>
   </evtMap>
   <evtMap id="5909">
      <longName>ti.uia.events.UIABenchmark.startInstance</longName>
      <shortName>UIABenchmark_startInstance</shortName>
      <moduleId>32819</moduleId>
      <diagMask>32768</diagMask>
      <msg>StartInstance%3A+%25%24S+</msg>
      <eventType>ANALYSIS</eventType>
      <dvtEventDescriptor name="metaEventStartInstance">
         <versionId>2.0</versionId>
         <analysisType>ti.uia.events.DvtTypes.DvtAnalysisType_START</analysisType>
         <displayText>StartInstance</displayText>
         <tooltipText>Marks the start of analysis for a module instance</tooltipText>
         <isMultiEventRecordItem>false</isMultiEventRecordItem>
         <numParameters>2</numParameters>
         <parameter index="0">
            <name>fmt</name>
            <dvtDataDesc>ti.uia.events.DvtTypes.DvtDataDesc_FMTSTR</dvtDataDesc>
            <dataTypeName>String</dataTypeName>
            <units>none</units>
            <isHidden>false</isHidden>
         </parameter>
         <parameter index="1">
            <name>InstanceID</name>
            <dvtDataDesc>ti.uia.events.DvtTypes.DvtDataDesc_INSTANCE</dvtDataDesc>
            <dataTypeName>Int</dataTypeName>
            <units>none</units>
            <isHidden>false</isHidden>
         </parameter>
      </dvtEventDescriptor>
   </evtMap>
   <evtMap id="5929">
      <longName>ti.uia.events.UIABenchmark.stopInstance</longName>
      <shortName>UIABenchmark_stopInstance</shortName>
      <moduleId>32819</moduleId>
      <diagMask>32768</diagMask>
      <msg>StopInstance%3A+%25%24S+</msg>
      <eventType>ANALYSIS</eventType>
      <dvtEventDescriptor name="metaEventStopInstance">
         <versionId>2.0</versionId>
         <analysisType>ti.uia.events.DvtTypes.DvtAnalysisType_STOP</analysisType>
         <displayText>StopInstance</displayText>
         <tooltipText>Marks the end of analysis for a module instance</tooltipText>
         <isMultiEventRecordItem>false</isMultiEventRecordItem>
         <numParameters>2</numParameters>
         <parameter index="0">
            <name>fmt</name>
            <dvtDataDesc>ti.uia.events.DvtTypes.DvtDataDesc_FMTSTR</dvtDataDesc>
            <dataTypeName>String</dataTypeName>
            <units>none</units>
            <isHidden>false</isHidden>
         </parameter>
         <parameter index="1">
            <name>InstanceID</name>
            <dvtDataDesc>ti.uia.events.DvtTypes.DvtDataDesc_INSTANCE</dvtDataDesc>
            <dataTypeName>Int</dataTypeName>
            <units>none</units>
            <isHidden>false</isHidden>
         </parameter>
      </dvtEventDescriptor>
   </evtMap>
   <evtMap id="5948">
      <longName>ti.uia.events.UIABenchmark.startInstanceWithAdrs</longName>
      <shortName>UIABenchmark_startInstanceWithAdrs</shortName>
      <moduleId>32819</moduleId>
      <diagMask>32768</diagMask>
      <msg>StartInstanceWithAdrs%3A+%25%24S</msg>
      <eventType>ANALYSIS</eventType>
      <dvtEventDescriptor name="metaEventStartInstanceWithAdrs">
         <versionId>2.0</versionId>
         <analysisType>ti.uia.events.DvtTypes.DvtAnalysisType_START</analysisType>
         <displayText>StartInstanceWithAdrs</displayText>
         <tooltipText>Marks the start of analysis for a module instance</tooltipText>
         <isMultiEventRecordItem>false</isMultiEventRecordItem>
         <numParameters>3</numParameters>
         <parameter index="0">
            <name>fmt</name>
            <dvtDataDesc>ti.uia.events.DvtTypes.DvtDataDesc_FMTSTR</dvtDataDesc>
            <dataTypeName>String</dataTypeName>
            <units>none</units>
            <isHidden>false</isHidden>
         </parameter>
         <parameter index="1">
            <name>InstanceID</name>
            <dvtDataDesc>ti.uia.events.DvtTypes.DvtDataDesc_INSTANCE</dvtDataDesc>
            <dataTypeName>Int</dataTypeName>
            <units>none</units>
            <isHidden>false</isHidden>
         </parameter>
         <parameter index="2">
            <name>FunctionAdrs</name>
            <dvtDataDesc>ti.uia.events.DvtTypes.DvtDataDesc_FUNCTIONADRS</dvtDataDesc>
            <dataTypeName>Int</dataTypeName>
            <units>none</units>
            <isHidden>false</isHidden>
         </parameter>
      </dvtEventDescriptor>
   </evtMap>
   <evtMap id="5975">
      <longName>ti.uia.events.UIABenchmark.stopInstanceWithAdrs</longName>
      <shortName>UIABenchmark_stopInstanceWithAdrs</shortName>
      <moduleId>32819</moduleId>
      <diagMask>32768</diagMask>
      <msg>StopInstanceWithAdrs%3A+%25%24S</msg>
      <eventType>ANALYSIS</eventType>
      <dvtEventDescriptor name="metaEventStopInstanceWithAdrs">
         <versionId>2.0</versionId>
         <analysisType>ti.uia.events.DvtTypes.DvtAnalysisType_STOP</analysisType>
         <displayText>StopInstanceWithAdrs</displayText>
         <tooltipText>Marks the end of analysis for a module instance</tooltipText>
         <isMultiEventRecordItem>false</isMultiEventRecordItem>
         <numParameters>3</numParameters>
         <parameter index="0">
            <name>fmt</name>
            <dvtDataDesc>ti.uia.events.DvtTypes.DvtDataDesc_FMTSTR</dvtDataDesc>
            <dataTypeName>String</dataTypeName>
            <units>none</units>
            <isHidden>false</isHidden>
         </parameter>
         <parameter index="1">
            <name>Handle</name>
            <dvtDataDesc>ti.uia.events.DvtTypes.DvtDataDesc_INSTANCE</dvtDataDesc>
            <dataTypeName>Int</dataTypeName>
            <units>none</units>
            <isHidden>false</isHidden>
         </parameter>
         <parameter index="2">
            <name>FunctionAdrs</name>
            <dvtDataDesc>ti.uia.events.DvtTypes.DvtDataDesc_FUNCTIONADRS</dvtDataDesc>
            <dataTypeName>Int</dataTypeName>
            <units>none</units>
            <isHidden>false</isHidden>
         </parameter>
      </dvtEventDescriptor>
   </evtMap>
   <evtMap id="6001">
      <longName>ti.uia.events.UIABenchmark.startInstanceWithStr</longName>
      <shortName>UIABenchmark_startInstanceWithStr</shortName>
      <moduleId>32819</moduleId>
      <diagMask>32768</diagMask>
      <msg>StartInstanceWithStr%3A+%25%24S</msg>
      <eventType>ANALYSIS</eventType>
      <dvtEventDescriptor name="metaEventStartInstanceWithStr">
         <versionId>2.0</versionId>
         <analysisType>ti.uia.events.DvtTypes.DvtAnalysisType_START</analysisType>
         <displayText>StartInstanceWithStr</displayText>
         <tooltipText>Marks the start of analysis for a module instance</tooltipText>
         <isMultiEventRecordItem>false</isMultiEventRecordItem>
         <numParameters>3</numParameters>
         <parameter index="0">
            <name>fmt</name>
            <dvtDataDesc>ti.uia.events.DvtTypes.DvtDataDesc_FMTSTR</dvtDataDesc>
            <dataTypeName>String</dataTypeName>
            <units>none</units>
            <isHidden>false</isHidden>
         </parameter>
         <parameter index="1">
            <name>InstanceID</name>
            <dvtDataDesc>ti.uia.events.DvtTypes.DvtDataDesc_INSTANCE</dvtDataDesc>
            <dataTypeName>Int</dataTypeName>
            <units>none</units>
            <isHidden>false</isHidden>
         </parameter>
         <parameter index="2">
            <name>FunctionAdrs</name>
            <dvtDataDesc>ti.uia.events.DvtTypes.DvtDataDesc_FUNCTIONADRS</dvtDataDesc>
            <dataTypeName>Int</dataTypeName>
            <units>none</units>
            <isHidden>false</isHidden>
         </parameter>
      </dvtEventDescriptor>
   </evtMap>
   <evtMap id="6027">
      <longName>ti.uia.events.UIABenchmark.stopInstanceWithStr</longName>
      <shortName>UIABenchmark_stopInstanceWithStr</shortName>
      <moduleId>32819</moduleId>
      <diagMask>32768</diagMask>
      <msg>StopInstanceWithStr%3A+%25%24S</msg>
      <eventType>ANALYSIS</eventType>
      <dvtEventDescriptor name="metaEventStopInstanceWithStr">
         <versionId>2.0</versionId>
         <analysisType>ti.uia.events.DvtTypes.DvtAnalysisType_STOP</analysisType>
         <displayText>StopInstanceWithStr</displayText>
         <tooltipText>Marks the end of analysis for a module instance</tooltipText>
         <isMultiEventRecordItem>false</isMultiEventRecordItem>
         <numParameters>3</numParameters>
         <parameter index="0">
            <name>fmt</name>
            <dvtDataDesc>ti.uia.events.DvtTypes.DvtDataDesc_FMTSTR</dvtDataDesc>
            <dataTypeName>String</dataTypeName>
            <units>none</units>
            <isHidden>false</isHidden>
         </parameter>
         <parameter index="1">
            <name>InstanceID</name>
            <dvtDataDesc>ti.uia.events.DvtTypes.DvtDataDesc_INSTANCE</dvtDataDesc>
            <dataTypeName>Int</dataTypeName>
            <units>none</units>
            <isHidden>false</isHidden>
         </parameter>
         <parameter index="2">
            <name>String</name>
            <dvtDataDesc>ti.uia.events.DvtTypes.DvtDataDesc_STRINGADRS</dvtDataDesc>
            <dataTypeName>String</dataTypeName>
            <units>none</units>
            <isHidden>false</isHidden>
         </parameter>
      </dvtEventDescriptor>
   </evtMap>
   <evtMap id="6052">
      <longName>ti.uia.events.UIAErr.error</longName>
      <shortName>UIAErr_error</shortName>
      <moduleId>32820</moduleId>
      <diagMask>128</diagMask>
      <msg>ERROR%3A+ErrorCode%3A0x%25x</msg>
      <eventType>ERROR</eventType>
   </evtMap>
   <evtMap id="6074">
      <longName>ti.uia.events.UIAErr.errorWithStr</longName>
      <shortName>UIAErr_errorWithStr</shortName>
      <moduleId>32820</moduleId>
      <diagMask>128</diagMask>
      <msg>ERROR%3A+ErrorCode%3A0x%25x.+%25%24S</msg>
      <eventType>ERROR</eventType>
   </evtMap>
   <evtMap id="6101">
      <longName>ti.uia.events.UIAErr.hwError</longName>
      <shortName>UIAErr_hwError</shortName>
      <moduleId>32820</moduleId>
      <diagMask>128</diagMask>
      <msg>HW+ERROR%3A+ErrorCode%3A0x%25x</msg>
      <eventType>ERROR</eventType>
   </evtMap>
   <evtMap id="6126">
      <longName>ti.uia.events.UIAErr.hwErrorWithStr</longName>
      <shortName>UIAErr_hwErrorWithStr</shortName>
      <moduleId>32820</moduleId>
      <diagMask>128</diagMask>
      <msg>HW+ERROR%3A+ErrorCode%3A0x%25x.+%25%24S</msg>
      <eventType>ERROR</eventType>
   </evtMap>
   <evtMap id="6156">
      <longName>ti.uia.events.UIAErr.fatal</longName>
      <shortName>UIAErr_fatal</shortName>
      <moduleId>32820</moduleId>
      <diagMask>128</diagMask>
      <msg>FATAL+ERROR%3A+ErrorCode%3A0x%25x</msg>
      <eventType>EMERGENCY</eventType>
   </evtMap>
   <evtMap id="6184">
      <longName>ti.uia.events.UIAErr.fatalWithStr</longName>
      <shortName>UIAErr_fatalWithStr</shortName>
      <moduleId>32820</moduleId>
      <diagMask>128</diagMask>
      <msg>FATAL+ERROR%3A+ErrorCode%3A0x%25x.+%25%24S</msg>
      <eventType>EMERGENCY</eventType>
   </evtMap>
   <evtMap id="6217">
      <longName>ti.uia.events.UIAErr.critical</longName>
      <shortName>UIAErr_critical</shortName>
      <moduleId>32820</moduleId>
      <diagMask>128</diagMask>
      <msg>CRITICAL+ERROR%3A+ErrorCode%3A0x%25x</msg>
      <eventType>CRITICAL</eventType>
   </evtMap>
   <evtMap id="6248">
      <longName>ti.uia.events.UIAErr.criticalWithStr</longName>
      <shortName>UIAErr_criticalWithStr</shortName>
      <moduleId>32820</moduleId>
      <diagMask>128</diagMask>
      <msg>CRITICAL+ERROR%3A+ErrorCode%3A0x%25x.+%25%24S</msg>
      <eventType>CRITICAL</eventType>
   </evtMap>
   <evtMap id="6284">
      <longName>ti.uia.events.UIAErr.exception</longName>
      <shortName>UIAErr_exception</shortName>
      <moduleId>32820</moduleId>
      <diagMask>128</diagMask>
      <msg>ERROR%3A+Exception+at+%25%24F.</msg>
      <eventType>ERROR</eventType>
   </evtMap>
   <evtMap id="6309">
      <longName>ti.uia.events.UIAErr.uncaughtException</longName>
      <shortName>UIAErr_uncaughtException</shortName>
      <moduleId>32820</moduleId>
      <diagMask>128</diagMask>
      <msg>ERROR%3A+Uncaught+Exception+at+%25%24F.</msg>
      <eventType>ERROR</eventType>
   </evtMap>
   <evtMap id="6343">
      <longName>ti.uia.events.UIAErr.nullPointerException</longName>
      <shortName>UIAErr_nullPointerException</shortName>
      <moduleId>32820</moduleId>
      <diagMask>128</diagMask>
      <msg>ERROR%3A+Null+Pointer+Exception+at+%25%24F.</msg>
      <eventType>ERROR</eventType>
   </evtMap>
   <evtMap id="6381">
      <longName>ti.uia.events.UIAErr.unexpectedInterrupt</longName>
      <shortName>UIAErr_unexpectedInterrupt</shortName>
      <moduleId>32820</moduleId>
      <diagMask>128</diagMask>
      <msg>ERROR%3A+Unexpected+Interrupt+at+%25%24F.</msg>
      <eventType>ERROR</eventType>
   </evtMap>
   <evtMap id="6417">
      <longName>ti.uia.events.UIAErr.memoryAccessFault</longName>
      <shortName>UIAErr_memoryAccessFault</shortName>
      <moduleId>32820</moduleId>
      <diagMask>128</diagMask>
      <msg>ERROR%3A+Memory+Access+Fault+at+%25%24F.+[ADRS]0x%25x</msg>
      <eventType>ERROR</eventType>
   </evtMap>
   <evtMap id="6463">
      <longName>ti.uia.events.UIAErr.securityException</longName>
      <shortName>UIAErr_securityException</shortName>
      <moduleId>32820</moduleId>
      <diagMask>128</diagMask>
      <msg>ERROR%3A+Security+Exception+at+%25%24F.</msg>
      <eventType>ERROR</eventType>
   </evtMap>
   <evtMap id="6497">
      <longName>ti.uia.events.UIAErr.divisionByZero</longName>
      <shortName>UIAErr_divisionByZero</shortName>
      <moduleId>32820</moduleId>
      <diagMask>128</diagMask>
      <msg>ERROR%3A+Division+by+zero+at+%25%24F.</msg>
      <eventType>ERROR</eventType>
   </evtMap>
   <evtMap id="6529">
      <longName>ti.uia.events.UIAErr.overflowException</longName>
      <shortName>UIAErr_overflowException</shortName>
      <moduleId>32820</moduleId>
      <diagMask>128</diagMask>
      <msg>ERROR%3A+Overflow+exception+at+%25%24F.</msg>
      <eventType>ERROR</eventType>
   </evtMap>
   <evtMap id="6563">
      <longName>ti.uia.events.UIAErr.indexOutOfRange</longName>
      <shortName>UIAErr_indexOutOfRange</shortName>
      <moduleId>32820</moduleId>
      <diagMask>128</diagMask>
      <msg>ERROR%3A+Index+out+of+range+at+%25%24F.+[INDEX]0x%25x</msg>
      <eventType>ERROR</eventType>
   </evtMap>
   <evtMap id="6609">
      <longName>ti.uia.events.UIAErr.notImplemented</longName>
      <shortName>UIAErr_notImplemented</shortName>
      <moduleId>32820</moduleId>
      <diagMask>128</diagMask>
      <msg>ERROR%3A+Attempt+to+access+feature+that+is+not+implemented+at+%25%24F.</msg>
      <eventType>ERROR</eventType>
   </evtMap>
   <evtMap id="6674">
      <longName>ti.uia.events.UIAErr.stackOverflow</longName>
      <shortName>UIAErr_stackOverflow</shortName>
      <moduleId>32820</moduleId>
      <diagMask>128</diagMask>
      <msg>ERROR%3A+Stack+Overflow+detected+at+%25%24F.</msg>
      <eventType>CRITICAL</eventType>
   </evtMap>
   <evtMap id="6713">
      <longName>ti.uia.events.UIAErr.illegalInstruction</longName>
      <shortName>UIAErr_illegalInstruction</shortName>
      <moduleId>32820</moduleId>
      <diagMask>128</diagMask>
      <msg>ERROR%3A+Illegal+Instruction+executed+at+%25%24F.</msg>
      <eventType>ERROR</eventType>
   </evtMap>
   <evtMap id="6757">
      <longName>ti.uia.events.UIAErr.entryPointNotFound</longName>
      <shortName>UIAErr_entryPointNotFound</shortName>
      <moduleId>32820</moduleId>
      <diagMask>128</diagMask>
      <msg>ERROR%3A+Entry+Point+Not+Found+at+%25%24F.</msg>
      <eventType>ERROR</eventType>
   </evtMap>
   <evtMap id="6794">
      <longName>ti.uia.events.UIAErr.moduleNotFound</longName>
      <shortName>UIAErr_moduleNotFound</shortName>
      <moduleId>32820</moduleId>
      <diagMask>128</diagMask>
      <msg>ERROR%3A+Module+not+found+at+%25%24F.+[MODULE_ID]0x%25x.</msg>
      <eventType>ERROR</eventType>
   </evtMap>
   <evtMap id="6843">
      <longName>ti.uia.events.UIAErr.floatingPointError</longName>
      <shortName>UIAErr_floatingPointError</shortName>
      <moduleId>32820</moduleId>
      <diagMask>128</diagMask>
      <msg>ERROR%3A+Floating+Point+Error+at+%25%24F.</msg>
      <eventType>ERROR</eventType>
   </evtMap>
   <evtMap id="6879">
      <longName>ti.uia.events.UIAErr.invalidParameter</longName>
      <shortName>UIAErr_invalidParameter</shortName>
      <moduleId>32820</moduleId>
      <diagMask>128</diagMask>
      <msg>ERROR%3A+Invalid+Parameter+at+%25%24F.+[ParamNum]%25d+[ParamValue]0x%25x</msg>
      <eventType>ERROR</eventType>
   </evtMap>
   <evtMap id="6942">
      <longName>ti.uia.events.UIAEvt.warning</longName>
      <shortName>UIAEvt_warning</shortName>
      <moduleId>32821</moduleId>
      <diagMask>128</diagMask>
      <msg>WARNING%3A+EventCode%3A0x%25x</msg>
      <eventType>WARNING</eventType>
   </evtMap>
   <evtMap id="6966">
      <longName>ti.uia.events.UIAEvt.warningWithStr</longName>
      <shortName>UIAEvt_warningWithStr</shortName>
      <moduleId>32821</moduleId>
      <diagMask>128</diagMask>
      <msg>WARNING%3A+EventCode%3A0x%25x.+%25%24S</msg>
      <eventType>WARNING</eventType>
   </evtMap>
   <evtMap id="6995">
      <longName>ti.uia.events.UIAEvt.info</longName>
      <shortName>UIAEvt_info</shortName>
      <moduleId>32821</moduleId>
      <diagMask>16384</diagMask>
      <msg>INFO%3A+EventCode%3A+0x%25x</msg>
      <eventType>INFO</eventType>
   </evtMap>
   <evtMap id="7017">
      <longName>ti.uia.events.UIAEvt.infoWithStr</longName>
      <shortName>UIAEvt_infoWithStr</shortName>
      <moduleId>32821</moduleId>
      <diagMask>16384</diagMask>
      <msg>INFO%3A+EventCode%3A0x%25x.++%25%24S</msg>
      <eventType>INFO</eventType>
   </evtMap>
   <evtMap id="7044">
      <longName>ti.uia.events.UIAEvt.detail</longName>
      <shortName>UIAEvt_detail</shortName>
      <moduleId>32821</moduleId>
      <diagMask>16384</diagMask>
      <msg>DETAIL%3A+EventCode%3A0x%25x</msg>
      <eventType>DETAILS</eventType>
   </evtMap>
   <evtMap id="7067">
      <longName>ti.uia.events.UIAEvt.detailWithStr</longName>
      <shortName>UIAEvt_detailWithStr</shortName>
      <moduleId>32821</moduleId>
      <diagMask>16384</diagMask>
      <msg>DETAIL%3A+EventCode%3A0x%25x.++%25%24S</msg>
      <eventType>DETAILS</eventType>
   </evtMap>
   <evtMap id="7096">
      <longName>ti.uia.events.UIAEvt.intWithKey</longName>
      <shortName>UIAEvt_intWithKey</shortName>
      <moduleId>32821</moduleId>
      <diagMask>32768</diagMask>
      <msg>VALUE%3D%25d+%28AuxData%3D%25d%2C+%25d%29+Key%3A%25%24S</msg>
      <eventType>ANALYSIS</eventType>
      <dvtEventDescriptor name="metaEventIntWithKey">
         <versionId>2.0</versionId>
         <analysisType>ti.uia.events.DvtTypes.DvtAnalysisType_STATISTIC</analysisType>
         <displayText>intWithKey</displayText>
         <tooltipText>Value with a key string</tooltipText>
         <isMultiEventRecordItem>false</isMultiEventRecordItem>
         <numParameters>4</numParameters>
         <parameter index="0">
            <name>value</name>
            <dvtDataDesc>ti.uia.events.DvtTypes.DvtDataDesc_VALUE</dvtDataDesc>
            <dataTypeName>Int</dataTypeName>
            <units>none</units>
            <isHidden>false</isHidden>
         </parameter>
         <parameter index="1">
            <name>aux1</name>
            <dvtDataDesc>ti.uia.events.DvtTypes.DvtDataDesc_VALUE</dvtDataDesc>
            <dataTypeName>Int</dataTypeName>
            <units>none</units>
            <isHidden>false</isHidden>
         </parameter>
         <parameter index="2">
            <name>aux2</name>
            <dvtDataDesc>ti.uia.events.DvtTypes.DvtDataDesc_VALUE</dvtDataDesc>
            <dataTypeName>Int</dataTypeName>
            <units>none</units>
            <isHidden>false</isHidden>
         </parameter>
         <parameter index="3">
            <name>key</name>
            <dvtDataDesc>ti.uia.events.DvtTypes.DvtDataDesc_FMTSTR</dvtDataDesc>
            <dataTypeName>String</dataTypeName>
            <units>none</units>
            <isHidden>false</isHidden>
         </parameter>
      </dvtEventDescriptor>
   </evtMap>
   <evtMap id="7130">
      <longName>ti.uia.events.UIARoundtrip.start</longName>
      <shortName>UIARoundtrip_start</shortName>
      <moduleId>32822</moduleId>
      <diagMask>32768</diagMask>
      <msg>Roundtrip_Start%3A+%25%24S</msg>
      <eventType>ANALYSIS</eventType>
      <dvtEventDescriptor name="metaEventStart">
         <versionId>2.0</versionId>
         <analysisType>ti.uia.events.DvtTypes.DvtAnalysisType_START</analysisType>
         <displayText>Roundtrip_Start</displayText>
         <tooltipText>Marks the start of analysis</tooltipText>
         <isMultiEventRecordItem>false</isMultiEventRecordItem>
         <numParameters>1</numParameters>
         <parameter index="0">
            <name>fmt</name>
            <dvtDataDesc>ti.uia.events.DvtTypes.DvtDataDesc_FMTSTR</dvtDataDesc>
            <dataTypeName>String</dataTypeName>
            <units>none</units>
            <isHidden>false</isHidden>
         </parameter>
      </dvtEventDescriptor>
   </evtMap>
   <evtMap id="7151">
      <longName>ti.uia.events.UIARoundtrip.stop</longName>
      <shortName>UIARoundtrip_stop</shortName>
      <moduleId>32822</moduleId>
      <diagMask>32768</diagMask>
      <msg>Roundtrip_Stop%3A+%25%24S</msg>
      <eventType>ANALYSIS</eventType>
      <dvtEventDescriptor name="metaEventStop">
         <versionId>2.0</versionId>
         <analysisType>ti.uia.events.DvtTypes.DvtAnalysisType_STOP</analysisType>
         <displayText>Roundtrip_Stop</displayText>
         <tooltipText>Marks the end of analysis</tooltipText>
         <isMultiEventRecordItem>false</isMultiEventRecordItem>
         <numParameters>1</numParameters>
         <parameter index="0">
            <name>fmt</name>
            <dvtDataDesc>ti.uia.events.DvtTypes.DvtDataDesc_FMTSTR</dvtDataDesc>
            <dataTypeName>String</dataTypeName>
            <units>none</units>
            <isHidden>false</isHidden>
         </parameter>
      </dvtEventDescriptor>
   </evtMap>
   <evtMap id="7171">
      <longName>ti.uia.events.UIARoundtrip.startInstance</longName>
      <shortName>UIARoundtrip_startInstance</shortName>
      <moduleId>32822</moduleId>
      <diagMask>32768</diagMask>
      <msg>Roundtrip_StartInstance%3A+%25%24S</msg>
      <eventType>ANALYSIS</eventType>
      <dvtEventDescriptor name="metaEventStartInstance">
         <versionId>2.0</versionId>
         <analysisType>ti.uia.events.DvtTypes.DvtAnalysisType_START</analysisType>
         <displayText>Roundtrip_StartInstance</displayText>
         <tooltipText>Marks the start of analysis for a module instance</tooltipText>
         <isMultiEventRecordItem>false</isMultiEventRecordItem>
         <numParameters>2</numParameters>
         <parameter index="0">
            <name>fmt</name>
            <dvtDataDesc>ti.uia.events.DvtTypes.DvtDataDesc_FMTSTR</dvtDataDesc>
            <dataTypeName>String</dataTypeName>
            <units>none</units>
            <isHidden>false</isHidden>
         </parameter>
         <parameter index="1">
            <name>InstanceID</name>
            <dvtDataDesc>ti.uia.events.DvtTypes.DvtDataDesc_INSTANCE</dvtDataDesc>
            <dataTypeName>Int</dataTypeName>
            <units>none</units>
            <isHidden>false</isHidden>
         </parameter>
      </dvtEventDescriptor>
   </evtMap>
   <evtMap id="7200">
      <longName>ti.uia.events.UIARoundtrip.stopInstance</longName>
      <shortName>UIARoundtrip_stopInstance</shortName>
      <moduleId>32822</moduleId>
      <diagMask>32768</diagMask>
      <msg>Roundtrip_StopInstance%3A+%25%24S</msg>
      <eventType>ANALYSIS</eventType>
      <dvtEventDescriptor name="metaEventStopInstance">
         <versionId>2.0</versionId>
         <analysisType>ti.uia.events.DvtTypes.DvtAnalysisType_STOP</analysisType>
         <displayText>Roundtrip_StopInstance</displayText>
         <tooltipText>Marks the end of analysis for a module instance</tooltipText>
         <isMultiEventRecordItem>false</isMultiEventRecordItem>
         <numParameters>2</numParameters>
         <parameter index="0">
            <name>fmt</name>
            <dvtDataDesc>ti.uia.events.DvtTypes.DvtDataDesc_FMTSTR</dvtDataDesc>
            <dataTypeName>String</dataTypeName>
            <units>none</units>
            <isHidden>false</isHidden>
         </parameter>
         <parameter index="1">
            <name>InstanceID</name>
            <dvtDataDesc>ti.uia.events.DvtTypes.DvtDataDesc_INSTANCE</dvtDataDesc>
            <dataTypeName>Int</dataTypeName>
            <units>none</units>
            <isHidden>false</isHidden>
         </parameter>
      </dvtEventDescriptor>
   </evtMap>
   <evtMap id="7228">
      <longName>ti.uia.events.UIARoundtrip.startInstanceWithAdrs</longName>
      <shortName>UIARoundtrip_startInstanceWithAdrs</shortName>
      <moduleId>32822</moduleId>
      <diagMask>32768</diagMask>
      <msg>Roundtrip_StartInstanceWithAdrs%3A+%25%24S</msg>
      <eventType>ANALYSIS</eventType>
      <dvtEventDescriptor name="metaEventStartInstanceWithAdrs">
         <versionId>2.0</versionId>
         <analysisType>ti.uia.events.DvtTypes.DvtAnalysisType_START</analysisType>
         <displayText>Roundtrip_StartInstanceWithAdrs</displayText>
         <tooltipText>Marks the start of analysis for a module instance</tooltipText>
         <isMultiEventRecordItem>false</isMultiEventRecordItem>
         <numParameters>3</numParameters>
         <parameter index="0">
            <name>fmt</name>
            <dvtDataDesc>ti.uia.events.DvtTypes.DvtDataDesc_FMTSTR</dvtDataDesc>
            <dataTypeName>String</dataTypeName>
            <units>none</units>
            <isHidden>false</isHidden>
         </parameter>
         <parameter index="1">
            <name>InstanceID</name>
            <dvtDataDesc>ti.uia.events.DvtTypes.DvtDataDesc_INSTANCE</dvtDataDesc>
            <dataTypeName>Int</dataTypeName>
            <units>none</units>
            <isHidden>false</isHidden>
         </parameter>
         <parameter index="2">
            <name>FunctionAdrs</name>
            <dvtDataDesc>ti.uia.events.DvtTypes.DvtDataDesc_FUNCTIONADRS</dvtDataDesc>
            <dataTypeName>Int</dataTypeName>
            <units>none</units>
            <isHidden>false</isHidden>
         </parameter>
      </dvtEventDescriptor>
   </evtMap>
   <evtMap id="7265">
      <longName>ti.uia.events.UIARoundtrip.stopInstanceWithAdrs</longName>
      <shortName>UIARoundtrip_stopInstanceWithAdrs</shortName>
      <moduleId>32822</moduleId>
      <diagMask>32768</diagMask>
      <msg>Roundtrip_StopInstanceWithAdrs%3A+%25%24S</msg>
      <eventType>ANALYSIS</eventType>
      <dvtEventDescriptor name="metaEventStopInstanceWithAdrs">
         <versionId>2.0</versionId>
         <analysisType>ti.uia.events.DvtTypes.DvtAnalysisType_STOP</analysisType>
         <displayText>Roundtrip_StopInstanceWithAdrs</displayText>
         <tooltipText>Marks the end of analysis for a module instance</tooltipText>
         <isMultiEventRecordItem>false</isMultiEventRecordItem>
         <numParameters>3</numParameters>
         <parameter index="0">
            <name>fmt</name>
            <dvtDataDesc>ti.uia.events.DvtTypes.DvtDataDesc_FMTSTR</dvtDataDesc>
            <dataTypeName>String</dataTypeName>
            <units>none</units>
            <isHidden>false</isHidden>
         </parameter>
         <parameter index="1">
            <name>Handle</name>
            <dvtDataDesc>ti.uia.events.DvtTypes.DvtDataDesc_INSTANCE</dvtDataDesc>
            <dataTypeName>Int</dataTypeName>
            <units>none</units>
            <isHidden>false</isHidden>
         </parameter>
         <parameter index="2">
            <name>FunctionAdrs</name>
            <dvtDataDesc>ti.uia.events.DvtTypes.DvtDataDesc_FUNCTIONADRS</dvtDataDesc>
            <dataTypeName>Int</dataTypeName>
            <units>none</units>
            <isHidden>false</isHidden>
         </parameter>
      </dvtEventDescriptor>
   </evtMap>
   <evtMap id="7301">
      <longName>ti.uia.events.UIARoundtrip.startInstanceWithStr</longName>
      <shortName>UIARoundtrip_startInstanceWithStr</shortName>
      <moduleId>32822</moduleId>
      <diagMask>32768</diagMask>
      <msg>Roundtrip_StartInstanceWithStr%3A+%25%24S</msg>
      <eventType>ANALYSIS</eventType>
      <dvtEventDescriptor name="metaEventStartInstanceWithStr">
         <versionId>2.0</versionId>
         <analysisType>ti.uia.events.DvtTypes.DvtAnalysisType_START</analysisType>
         <displayText>Roundtrip_StartInstanceWithStr</displayText>
         <tooltipText>Marks the start of analysis for a module instance</tooltipText>
         <isMultiEventRecordItem>false</isMultiEventRecordItem>
         <numParameters>3</numParameters>
         <parameter index="0">
            <name>fmt</name>
            <dvtDataDesc>ti.uia.events.DvtTypes.DvtDataDesc_FMTSTR</dvtDataDesc>
            <dataTypeName>String</dataTypeName>
            <units>none</units>
            <isHidden>false</isHidden>
         </parameter>
         <parameter index="1">
            <name>InstanceID</name>
            <dvtDataDesc>ti.uia.events.DvtTypes.DvtDataDesc_INSTANCE</dvtDataDesc>
            <dataTypeName>Int</dataTypeName>
            <units>none</units>
            <isHidden>false</isHidden>
         </parameter>
         <parameter index="2">
            <name>FunctionAdrs</name>
            <dvtDataDesc>ti.uia.events.DvtTypes.DvtDataDesc_FUNCTIONADRS</dvtDataDesc>
            <dataTypeName>Int</dataTypeName>
            <units>none</units>
            <isHidden>false</isHidden>
         </parameter>
      </dvtEventDescriptor>
   </evtMap>
   <evtMap id="7337">
      <longName>ti.uia.events.UIARoundtrip.stopInstanceWithStr</longName>
      <shortName>UIARoundtrip_stopInstanceWithStr</shortName>
      <moduleId>32822</moduleId>
      <diagMask>32768</diagMask>
      <msg>Roundtrip_StopInstanceWithStr%3A+%25%24S</msg>
      <eventType>ANALYSIS</eventType>
      <dvtEventDescriptor name="metaEventStopInstanceWithStr">
         <versionId>2.0</versionId>
         <analysisType>ti.uia.events.DvtTypes.DvtAnalysisType_STOP</analysisType>
         <displayText>Roundtrip_StopInstanceWithStr</displayText>
         <tooltipText>Marks the end of analysis for a module instance</tooltipText>
         <isMultiEventRecordItem>false</isMultiEventRecordItem>
         <numParameters>3</numParameters>
         <parameter index="0">
            <name>fmt</name>
            <dvtDataDesc>ti.uia.events.DvtTypes.DvtDataDesc_FMTSTR</dvtDataDesc>
            <dataTypeName>String</dataTypeName>
            <units>none</units>
            <isHidden>false</isHidden>
         </parameter>
         <parameter index="1">
            <name>InstanceID</name>
            <dvtDataDesc>ti.uia.events.DvtTypes.DvtDataDesc_INSTANCE</dvtDataDesc>
            <dataTypeName>Int</dataTypeName>
            <units>none</units>
            <isHidden>false</isHidden>
         </parameter>
         <parameter index="2">
            <name>String</name>
            <dvtDataDesc>ti.uia.events.DvtTypes.DvtDataDesc_STRINGADRS</dvtDataDesc>
            <dataTypeName>String</dataTypeName>
            <units>none</units>
            <isHidden>false</isHidden>
         </parameter>
      </dvtEventDescriptor>
   </evtMap>
   <evtMap id="7372">
      <longName>ti.uia.events.UIAStatistic.cpuLoad</longName>
      <shortName>UIAStatistic_cpuLoad</shortName>
      <moduleId>32823</moduleId>
      <diagMask>32768</diagMask>
      <msg>CPU+Load%3A+NumCycles%3D%25d</msg>
      <eventType>ANALYSIS</eventType>
   </evtMap>
   <evtMap id="7395">
      <longName>ti.uia.events.UIAStatistic.cpuLoadByInstance</longName>
      <shortName>UIAStatistic_cpuLoadByInstance</shortName>
      <moduleId>32823</moduleId>
      <diagMask>32768</diagMask>
      <msg>CPU+Load+for+%25s+%28instanceId+%3D+0x%25x%29%3A+NumCycles%3D%25d</msg>
      <eventType>ANALYSIS</eventType>
   </evtMap>
   <evtMap id="7445">
      <longName>ti.uia.events.UIAStatistic.bytesProcessed</longName>
      <shortName>UIAStatistic_bytesProcessed</shortName>
      <moduleId>32823</moduleId>
      <diagMask>32768</diagMask>
      <msg>Bytes+Processed+by+%25s%3A+NumBytes%3D0x%25x</msg>
      <eventType>ANALYSIS</eventType>
   </evtMap>
   <evtMap id="7482">
      <longName>ti.uia.events.UIAStatistic.bytesProcessedByInstance</longName>
      <shortName>UIAStatistic_bytesProcessedByInstance</shortName>
      <moduleId>32823</moduleId>
      <diagMask>32768</diagMask>
      <msg>Bytes+Processed+at+%25%24F+%28InstanceId+0x%25x%29%3A+Num+Bytes%3D%25d</msg>
      <eventType>ANALYSIS</eventType>
      <dvtEventDescriptor name="metaEventBytesProcessedByInstance">
         <versionId>2.0</versionId>
         <analysisType>ti.uia.events.DvtTypes.DvtAnalysisType_STATISTIC</analysisType>
         <displayText>Bytes Processed</displayText>
         <tooltipText>Bytes Processed</tooltipText>
         <isMultiEventRecordItem>false</isMultiEventRecordItem>
         <numParameters>4</numParameters>
         <parameter index="0">
            <name>__FILE__</name>
            <dvtDataDesc>ti.uia.events.DvtTypes.DvtDataDesc_FILENAMESTR</dvtDataDesc>
            <dataTypeName>String</dataTypeName>
            <units>none</units>
            <isHidden>false</isHidden>
         </parameter>
         <parameter index="1">
            <name>__LINE__</name>
            <dvtDataDesc>ti.uia.events.DvtTypes.DvtDataDesc_LINENUM</dvtDataDesc>
            <dataTypeName>Int</dataTypeName>
            <units>none</units>
            <isHidden>false</isHidden>
         </parameter>
         <parameter index="2">
            <name>Instance ID</name>
            <dvtDataDesc>ti.uia.events.DvtTypes.DvtDataDesc_INSTANCE</dvtDataDesc>
            <dataTypeName>Int</dataTypeName>
            <units>none</units>
            <isHidden>false</isHidden>
         </parameter>
         <parameter index="3">
            <name>Words Processed</name>
            <dvtDataDesc>ti.uia.events.DvtTypes.DvtDataDesc_VALUE</dvtDataDesc>
            <dataTypeName>Int</dataTypeName>
            <units>bytes</units>
            <isHidden>false</isHidden>
         </parameter>
      </dvtEventDescriptor>
   </evtMap>
   <evtMap id="7537">
      <longName>ti.uia.events.UIAStatistic.wordsProcessed</longName>
      <shortName>UIAStatistic_wordsProcessed</shortName>
      <moduleId>32823</moduleId>
      <diagMask>32768</diagMask>
      <msg>Words+Processed+by+%25s%3A+NumWords%3D0x%25x</msg>
      <eventType>ANALYSIS</eventType>
   </evtMap>
   <evtMap id="7574">
      <longName>ti.uia.events.UIAStatistic.wordsProcessedByInstance</longName>
      <shortName>UIAStatistic_wordsProcessedByInstance</shortName>
      <moduleId>32823</moduleId>
      <diagMask>32768</diagMask>
      <msg>Words+Processed+at+%25%24F+%28InstanceId+0x%25x%29%3A+Num+Words%3D%25d</msg>
      <eventType>ANALYSIS</eventType>
      <dvtEventDescriptor name="metaEventWordsProcessedByInstance">
         <versionId>2.0</versionId>
         <analysisType>ti.uia.events.DvtTypes.DvtAnalysisType_STATISTIC</analysisType>
         <displayText>Words Processed</displayText>
         <tooltipText>Words Processed</tooltipText>
         <isMultiEventRecordItem>false</isMultiEventRecordItem>
         <numParameters>4</numParameters>
         <parameter index="0">
            <name>__FILE__</name>
            <dvtDataDesc>ti.uia.events.DvtTypes.DvtDataDesc_FILENAMESTR</dvtDataDesc>
            <dataTypeName>String</dataTypeName>
            <units>none</units>
            <isHidden>false</isHidden>
         </parameter>
         <parameter index="1">
            <name>__LINE__</name>
            <dvtDataDesc>ti.uia.events.DvtTypes.DvtDataDesc_LINENUM</dvtDataDesc>
            <dataTypeName>Int</dataTypeName>
            <units>none</units>
            <isHidden>false</isHidden>
         </parameter>
         <parameter index="2">
            <name>Instance ID</name>
            <dvtDataDesc>ti.uia.events.DvtTypes.DvtDataDesc_INSTANCE</dvtDataDesc>
            <dataTypeName>Int</dataTypeName>
            <units>none</units>
            <isHidden>false</isHidden>
         </parameter>
         <parameter index="3">
            <name>Words Processed</name>
            <dvtDataDesc>ti.uia.events.DvtTypes.DvtDataDesc_VALUE</dvtDataDesc>
            <dataTypeName>Int</dataTypeName>
            <units>words</units>
            <isHidden>false</isHidden>
         </parameter>
      </dvtEventDescriptor>
   </evtMap>
   <evtMap id="7629">
      <longName>ti.uia.events.UIAStatistic.freeBytes</longName>
      <shortName>UIAStatistic_freeBytes</shortName>
      <moduleId>32823</moduleId>
      <diagMask>32768</diagMask>
      <msg>Heap+at+%25%24F+%28HeapId+0x%25x%29%3A+Free+Bytes%3D%25d</msg>
      <eventType>ANALYSIS</eventType>
      <dvtEventDescriptor name="metaEventFreeBytes">
         <versionId>2.0</versionId>
         <analysisType>ti.uia.events.DvtTypes.DvtAnalysisType_STATISTIC</analysisType>
         <displayText>Free Bytes</displayText>
         <tooltipText>Free Bytes in Heap</tooltipText>
         <isMultiEventRecordItem>false</isMultiEventRecordItem>
         <numParameters>4</numParameters>
         <parameter index="0">
            <name>__FILE__</name>
            <dvtDataDesc>ti.uia.events.DvtTypes.DvtDataDesc_FILENAMESTR</dvtDataDesc>
            <dataTypeName>String</dataTypeName>
            <units>none</units>
            <isHidden>false</isHidden>
         </parameter>
         <parameter index="1">
            <name>__LINE__</name>
            <dvtDataDesc>ti.uia.events.DvtTypes.DvtDataDesc_LINENUM</dvtDataDesc>
            <dataTypeName>Int</dataTypeName>
            <units>none</units>
            <isHidden>false</isHidden>
         </parameter>
         <parameter index="2">
            <name>Heap ID</name>
            <dvtDataDesc>ti.uia.events.DvtTypes.DvtDataDesc_INSTANCE</dvtDataDesc>
            <dataTypeName>Int</dataTypeName>
            <units>none</units>
            <isHidden>false</isHidden>
         </parameter>
         <parameter index="3">
            <name>Free Bytes</name>
            <dvtDataDesc>ti.uia.events.DvtTypes.DvtDataDesc_VALUE</dvtDataDesc>
            <dataTypeName>Int</dataTypeName>
            <units>bytes</units>
            <isHidden>false</isHidden>
         </parameter>
      </dvtEventDescriptor>
   </evtMap>
   <evtMap id="7670">
      <longName>ti.uia.events.UIASync.syncPoint</longName>
      <shortName>UIASync_syncPoint</shortName>
      <moduleId>32824</moduleId>
      <diagMask>32768</diagMask>
      <msg>Sync+Point%3A++SerialNumber%3D0x%25x%2C+CpuTStamp+[LSW%3D0x%25x%2C+MSW%3D0x%25x]%2C+GlobalTStamp+[LSW%3D0x%25x%2C+MSW%3D0x%25x]%2C+CpuCyclesPerCpuTimerTick%3D%25d%2C+CpuFreq+[LSW%3D0x%25x%2C+MSW%3D0x%25x]</msg>
      <eventType>ANALYSIS</eventType>
   </evtMap>
   <evtMap id="7827">
      <longName>ti.uia.events.UIASync.syncPointAfterHalt</longName>
      <shortName>UIASync_syncPointAfterHalt</shortName>
      <moduleId>32824</moduleId>
      <diagMask>32768</diagMask>
      <msg>Sync+Point+After+Halt%3A++SerialNumber%3D0x%25x%2C+CpuTStamp+[LSW%3D0x%25x%2C+MSW%3D0x%25x]%2C+GlobalTStamp+[LSW%3D0x%25x%2C+MSW%3D0x%25x]%2C+CpuCyclesPerCpuTimerTick%3D%25d%2C+CpuFreq+[LSW%3D0x%25x%2C+MSW%3D0x%25x]</msg>
      <eventType>ANALYSIS</eventType>
   </evtMap>
   <evtMap id="7995">
      <longName>ti.uia.events.UIASync.globalTimerFreq</longName>
      <shortName>UIASync_globalTimerFreq</shortName>
      <moduleId>32824</moduleId>
      <diagMask>32768</diagMask>
      <msg>Sync+Point+Global+Timer+Freq%3A++SerialNumber%3D0x%25x%2C+CpuCyclesPerGlobalTimerTick%3D%25d%2C+GlobalTimerFreq+[LSW%3D0x%25x%2C+MSW%3D0x%25x]</msg>
      <eventType>ANALYSIS</eventType>
   </evtMap>
   <evtMap id="8114">
      <longName>ti.uia.events.UIASync.syncPointUserProvidedData</longName>
      <shortName>UIASync_syncPointUserProvidedData</shortName>
      <moduleId>32824</moduleId>
      <diagMask>32768</diagMask>
      <msg>Sync+Point+User+Data%3A+SerialNumber%3D0x%25x%2C+%25%24S</msg>
      <eventType>ANALYSIS</eventType>
   </evtMap>
   <evtMap id="8159">
      <longName>ti.sysbios.utils.Load.LS_cpuLoad</longName>
      <shortName>Load_LS_cpuLoad</shortName>
      <moduleId>32836</moduleId>
      <diagMask>2048</diagMask>
      <msg>LS_cpuLoad%3A+%25d%25%25</msg>
   </evtMap>
   <evtMap id="8176">
      <longName>ti.sysbios.utils.Load.LS_hwiLoad</longName>
      <shortName>Load_LS_hwiLoad</shortName>
      <moduleId>32836</moduleId>
      <diagMask>2048</diagMask>
      <msg>LS_hwiLoad%3A+%25d%2C%25d</msg>
   </evtMap>
   <evtMap id="8194">
      <longName>ti.sysbios.utils.Load.LS_swiLoad</longName>
      <shortName>Load_LS_swiLoad</shortName>
      <moduleId>32836</moduleId>
      <diagMask>2048</diagMask>
      <msg>LS_swiLoad%3A+%25d%2C%25d</msg>
   </evtMap>
   <evtMap id="8212">
      <longName>ti.sysbios.utils.Load.LS_taskLoad</longName>
      <shortName>Load_LS_taskLoad</shortName>
      <moduleId>32836</moduleId>
      <diagMask>2048</diagMask>
      <msg>LS_taskLoad%3A+0x%25x%2C%25d%2C%25d%2C0x%25x</msg>
   </evtMap>
   <modIdMap id="32770">
      <moduleName>xdc.runtime.Assert</moduleName>
      <packageVersion>2, 1, 0</packageVersion>
      <packageBase>C:/CCStudio_v5/xdctools_3_25_02_70/packages/xdc/runtime/</packageBase>
      <cFileName>Assert.c</cFileName>
   </modIdMap>
   <modIdMap id="32771">
      <moduleName>xdc.runtime.Core</moduleName>
      <packageVersion>2, 1, 0</packageVersion>
      <packageBase>C:/CCStudio_v5/xdctools_3_25_02_70/packages/xdc/runtime/</packageBase>
      <cFileName>null</cFileName>
   </modIdMap>
   <modIdMap id="32772">
      <moduleName>xdc.runtime.Defaults</moduleName>
      <packageVersion>2, 1, 0</packageVersion>
      <packageBase>C:/CCStudio_v5/xdctools_3_25_02_70/packages/xdc/runtime/</packageBase>
      <cFileName>null</cFileName>
   </modIdMap>
   <modIdMap id="32773">
      <moduleName>xdc.runtime.Diags</moduleName>
      <packageVersion>2, 1, 0</packageVersion>
      <packageBase>C:/CCStudio_v5/xdctools_3_25_02_70/packages/xdc/runtime/</packageBase>
      <cFileName>Diags.c</cFileName>
   </modIdMap>
   <modIdMap id="32774">
      <moduleName>xdc.runtime.Error</moduleName>
      <packageVersion>2, 1, 0</packageVersion>
      <packageBase>C:/CCStudio_v5/xdctools_3_25_02_70/packages/xdc/runtime/</packageBase>
      <cFileName>Error.c</cFileName>
   </modIdMap>
   <modIdMap id="32775">
      <moduleName>xdc.runtime.Gate</moduleName>
      <packageVersion>2, 1, 0</packageVersion>
      <packageBase>C:/CCStudio_v5/xdctools_3_25_02_70/packages/xdc/runtime/</packageBase>
      <cFileName>Gate.c</cFileName>
   </modIdMap>
   <modIdMap id="32776">
      <moduleName>xdc.runtime.Log</moduleName>
      <packageVersion>2, 1, 0</packageVersion>
      <packageBase>C:/CCStudio_v5/xdctools_3_25_02_70/packages/xdc/runtime/</packageBase>
      <cFileName>Log.c</cFileName>
   </modIdMap>
   <modIdMap id="32777">
      <moduleName>xdc.runtime.Main</moduleName>
      <packageVersion>2, 1, 0</packageVersion>
      <packageBase>C:/CCStudio_v5/xdctools_3_25_02_70/packages/xdc/runtime/</packageBase>
      <cFileName>null</cFileName>
   </modIdMap>
   <modIdMap id="32778">
      <moduleName>xdc.runtime.Memory</moduleName>
      <packageVersion>2, 1, 0</packageVersion>
      <packageBase>C:/CCStudio_v5/xdctools_3_25_02_70/packages/xdc/runtime/</packageBase>
      <cFileName>Memory.c</cFileName>
   </modIdMap>
   <modIdMap id="32779">
      <moduleName>xdc.runtime.Registry</moduleName>
      <packageVersion>2, 1, 0</packageVersion>
      <packageBase>C:/CCStudio_v5/xdctools_3_25_02_70/packages/xdc/runtime/</packageBase>
      <cFileName>Registry.c</cFileName>
   </modIdMap>
   <modIdMap id="32780">
      <moduleName>xdc.runtime.Startup</moduleName>
      <packageVersion>2, 1, 0</packageVersion>
      <packageBase>C:/CCStudio_v5/xdctools_3_25_02_70/packages/xdc/runtime/</packageBase>
      <cFileName>Startup.c</cFileName>
   </modIdMap>
   <modIdMap id="32781">
      <moduleName>xdc.runtime.System</moduleName>
      <packageVersion>2, 1, 0</packageVersion>
      <packageBase>C:/CCStudio_v5/xdctools_3_25_02_70/packages/xdc/runtime/</packageBase>
      <cFileName>System.c</cFileName>
   </modIdMap>
   <modIdMap id="32782">
      <moduleName>xdc.runtime.SysMin</moduleName>
      <packageVersion>2, 1, 0</packageVersion>
      <packageBase>C:/CCStudio_v5/xdctools_3_25_02_70/packages/xdc/runtime/</packageBase>
      <cFileName>SysMin.c</cFileName>
   </modIdMap>
   <modIdMap id="32783">
      <moduleName>xdc.runtime.Text</moduleName>
      <packageVersion>2, 1, 0</packageVersion>
      <packageBase>C:/CCStudio_v5/xdctools_3_25_02_70/packages/xdc/runtime/</packageBase>
      <cFileName>Text.c</cFileName>
   </modIdMap>
   <modIdMap id="32784">
      <moduleName>xdc.runtime.Timestamp</moduleName>
      <packageVersion>2, 1, 0</packageVersion>
      <packageBase>C:/CCStudio_v5/xdctools_3_25_02_70/packages/xdc/runtime/</packageBase>
      <cFileName>Timestamp.c</cFileName>
   </modIdMap>
   <modIdMap id="32785">
      <moduleName>xdc.runtime.TimestampNull</moduleName>
      <packageVersion>2, 1, 0</packageVersion>
      <packageBase>C:/CCStudio_v5/xdctools_3_25_02_70/packages/xdc/runtime/</packageBase>
      <cFileName>TimestampNull.c</cFileName>
   </modIdMap>
   <modIdMap id="32786">
      <moduleName>xdc.runtime.Types</moduleName>
      <packageVersion>2, 1, 0</packageVersion>
      <packageBase>C:/CCStudio_v5/xdctools_3_25_02_70/packages/xdc/runtime/</packageBase>
      <cFileName>null</cFileName>
   </modIdMap>
   <modIdMap id="1">
      <moduleName>xdc.runtime.Main_Module_GateProxy</moduleName>
      <packageVersion>2, 1, 0</packageVersion>
      <packageBase>C:/CCStudio_v5/xdctools_3_25_02_70/packages/xdc/runtime/</packageBase>
      <cFileName>null</cFileName>
   </modIdMap>
   <modIdMap id="2">
      <moduleName>xdc.runtime.Memory_HeapProxy</moduleName>
      <packageVersion>2, 1, 0</packageVersion>
      <packageBase>C:/CCStudio_v5/xdctools_3_25_02_70/packages/xdc/runtime/</packageBase>
      <cFileName>null</cFileName>
   </modIdMap>
   <modIdMap id="3">
      <moduleName>xdc.runtime.System_SupportProxy</moduleName>
      <packageVersion>2, 1, 0</packageVersion>
      <packageBase>C:/CCStudio_v5/xdctools_3_25_02_70/packages/xdc/runtime/</packageBase>
      <cFileName>null</cFileName>
   </modIdMap>
   <modIdMap id="4">
      <moduleName>xdc.runtime.System_Module_GateProxy</moduleName>
      <packageVersion>2, 1, 0</packageVersion>
      <packageBase>C:/CCStudio_v5/xdctools_3_25_02_70/packages/xdc/runtime/</packageBase>
      <cFileName>null</cFileName>
   </modIdMap>
   <modIdMap id="5">
      <moduleName>xdc.runtime.Timestamp_SupportProxy</moduleName>
      <packageVersion>2, 1, 0</packageVersion>
      <packageBase>C:/CCStudio_v5/xdctools_3_25_02_70/packages/xdc/runtime/</packageBase>
      <cFileName>null</cFileName>
   </modIdMap>
   <modIdMap id="32792">
      <moduleName>ti.catalog.arm.cortexm4.tiva.ce.Boot</moduleName>
      <packageVersion>1, 0, 0</packageVersion>
      <packageBase>C:/CCStudio_v5/xdctools_3_25_02_70/packages/ti/catalog/arm/cortexm4/tiva/ce/</packageBase>
      <cFileName>Boot.c</cFileName>
   </modIdMap>
   <modIdMap id="32794">
      <moduleName>ti.sysbios.BIOS</moduleName>
      <packageVersion>2, 0, 0, 0</packageVersion>
      <packageBase>C:/CCStudio_v5/bios_6_35_03_47/packages/ti/sysbios/</packageBase>
      <cFileName>BIOS.c</cFileName>
   </modIdMap>
   <modIdMap id="6">
      <moduleName>ti.sysbios.BIOS_RtsGateProxy</moduleName>
      <packageVersion>2, 0, 0, 0</packageVersion>
      <packageBase>C:/CCStudio_v5/bios_6_35_03_47/packages/ti/sysbios/</packageBase>
      <cFileName>null</cFileName>
   </modIdMap>
   <modIdMap id="32796">
      <moduleName>ti.sysbios.hal.Hwi</moduleName>
      <packageVersion>2, 0, 0, 0</packageVersion>
      <packageBase>C:/CCStudio_v5/bios_6_35_03_47/packages/ti/sysbios/hal/</packageBase>
      <cFileName>Hwi.c</cFileName>
   </modIdMap>
   <modIdMap id="32797">
      <moduleName>ti.sysbios.hal.Timer</moduleName>
      <packageVersion>2, 0, 0, 0</packageVersion>
      <packageBase>C:/CCStudio_v5/bios_6_35_03_47/packages/ti/sysbios/hal/</packageBase>
      <cFileName>Timer.c</cFileName>
   </modIdMap>
   <modIdMap id="7">
      <moduleName>ti.sysbios.hal.Hwi_HwiProxy</moduleName>
      <packageVersion>2, 0, 0, 0</packageVersion>
      <packageBase>C:/CCStudio_v5/bios_6_35_03_47/packages/ti/sysbios/hal/</packageBase>
      <cFileName>null</cFileName>
   </modIdMap>
   <modIdMap id="8">
      <moduleName>ti.sysbios.hal.Timer_TimerProxy</moduleName>
      <packageVersion>2, 0, 0, 0</packageVersion>
      <packageBase>C:/CCStudio_v5/bios_6_35_03_47/packages/ti/sysbios/hal/</packageBase>
      <cFileName>null</cFileName>
   </modIdMap>
   <modIdMap id="32799">
      <moduleName>ti.sysbios.knl.Clock</moduleName>
      <packageVersion>2, 0, 0, 0</packageVersion>
      <packageBase>C:/CCStudio_v5/bios_6_35_03_47/packages/ti/sysbios/knl/</packageBase>
      <cFileName>Clock.c</cFileName>
   </modIdMap>
   <modIdMap id="32800">
      <moduleName>ti.sysbios.knl.Idle</moduleName>
      <packageVersion>2, 0, 0, 0</packageVersion>
      <packageBase>C:/CCStudio_v5/bios_6_35_03_47/packages/ti/sysbios/knl/</packageBase>
      <cFileName>Idle.c</cFileName>
   </modIdMap>
   <modIdMap id="32801">
      <moduleName>ti.sysbios.knl.Intrinsics</moduleName>
      <packageVersion>2, 0, 0, 0</packageVersion>
      <packageBase>C:/CCStudio_v5/bios_6_35_03_47/packages/ti/sysbios/knl/</packageBase>
      <cFileName>Intrinsics.c</cFileName>
   </modIdMap>
   <modIdMap id="32802">
      <moduleName>ti.sysbios.knl.Event</moduleName>
      <packageVersion>2, 0, 0, 0</packageVersion>
      <packageBase>C:/CCStudio_v5/bios_6_35_03_47/packages/ti/sysbios/knl/</packageBase>
      <cFileName>Event.c</cFileName>
   </modIdMap>
   <modIdMap id="32803">
      <moduleName>ti.sysbios.knl.Queue</moduleName>
      <packageVersion>2, 0, 0, 0</packageVersion>
      <packageBase>C:/CCStudio_v5/bios_6_35_03_47/packages/ti/sysbios/knl/</packageBase>
      <cFileName>Queue.c</cFileName>
   </modIdMap>
   <modIdMap id="32804">
      <moduleName>ti.sysbios.knl.Semaphore</moduleName>
      <packageVersion>2, 0, 0, 0</packageVersion>
      <packageBase>C:/CCStudio_v5/bios_6_35_03_47/packages/ti/sysbios/knl/</packageBase>
      <cFileName>Semaphore.c</cFileName>
   </modIdMap>
   <modIdMap id="32805">
      <moduleName>ti.sysbios.knl.Swi</moduleName>
      <packageVersion>2, 0, 0, 0</packageVersion>
      <packageBase>C:/CCStudio_v5/bios_6_35_03_47/packages/ti/sysbios/knl/</packageBase>
      <cFileName>Swi.c</cFileName>
   </modIdMap>
   <modIdMap id="32806">
      <moduleName>ti.sysbios.knl.Task</moduleName>
      <packageVersion>2, 0, 0, 0</packageVersion>
      <packageBase>C:/CCStudio_v5/bios_6_35_03_47/packages/ti/sysbios/knl/</packageBase>
      <cFileName>Task.c</cFileName>
   </modIdMap>
   <modIdMap id="9">
      <moduleName>ti.sysbios.knl.Intrinsics_SupportProxy</moduleName>
      <packageVersion>2, 0, 0, 0</packageVersion>
      <packageBase>C:/CCStudio_v5/bios_6_35_03_47/packages/ti/sysbios/knl/</packageBase>
      <cFileName>null</cFileName>
   </modIdMap>
   <modIdMap id="10">
      <moduleName>ti.sysbios.knl.Task_SupportProxy</moduleName>
      <packageVersion>2, 0, 0, 0</packageVersion>
      <packageBase>C:/CCStudio_v5/bios_6_35_03_47/packages/ti/sysbios/knl/</packageBase>
      <cFileName>null</cFileName>
   </modIdMap>
   <modIdMap id="32810">
      <moduleName>ti.sysbios.family.arm.m3.Hwi</moduleName>
      <packageVersion>2, 0, 0, 0</packageVersion>
      <packageBase>C:/CCStudio_v5/bios_6_35_03_47/packages/ti/sysbios/family/arm/m3/</packageBase>
      <cFileName>Hwi.c</cFileName>
   </modIdMap>
   <modIdMap id="32811">
      <moduleName>ti.sysbios.family.arm.m3.IntrinsicsSupport</moduleName>
      <packageVersion>2, 0, 0, 0</packageVersion>
      <packageBase>C:/CCStudio_v5/bios_6_35_03_47/packages/ti/sysbios/family/arm/m3/</packageBase>
      <cFileName>null</cFileName>
   </modIdMap>
   <modIdMap id="32812">
      <moduleName>ti.sysbios.family.arm.m3.TaskSupport</moduleName>
      <packageVersion>2, 0, 0, 0</packageVersion>
      <packageBase>C:/CCStudio_v5/bios_6_35_03_47/packages/ti/sysbios/family/arm/m3/</packageBase>
      <cFileName>TaskSupport.c</cFileName>
   </modIdMap>
   <modIdMap id="32814">
      <moduleName>ti.sysbios.family.arm.lm4.TimestampProvider</moduleName>
      <packageVersion>1, 0, 0, 0</packageVersion>
      <packageBase>C:/CCStudio_v5/bios_6_35_03_47/packages/ti/sysbios/family/arm/lm4/</packageBase>
      <cFileName>TimestampProvider.c</cFileName>
   </modIdMap>
   <modIdMap id="32815">
      <moduleName>ti.sysbios.family.arm.lm4.Timer</moduleName>
      <packageVersion>1, 0, 0, 0</packageVersion>
      <packageBase>C:/CCStudio_v5/bios_6_35_03_47/packages/ti/sysbios/family/arm/lm4/</packageBase>
      <cFileName>Timer.c</cFileName>
   </modIdMap>
   <modIdMap id="32818">
      <moduleName>ti.uia.events.DvtTypes</moduleName>
      <packageVersion>1, 0, 0, 2</packageVersion>
      <packageBase>C:/CCStudio_v5/uia_1_03_00_02/packages/ti/uia/events/</packageBase>
      <cFileName>null</cFileName>
   </modIdMap>
   <modIdMap id="32819">
      <moduleName>ti.uia.events.UIABenchmark</moduleName>
      <packageVersion>1, 0, 0, 2</packageVersion>
      <packageBase>C:/CCStudio_v5/uia_1_03_00_02/packages/ti/uia/events/</packageBase>
      <cFileName>null</cFileName>
   </modIdMap>
   <modIdMap id="32820">
      <moduleName>ti.uia.events.UIAErr</moduleName>
      <packageVersion>1, 0, 0, 2</packageVersion>
      <packageBase>C:/CCStudio_v5/uia_1_03_00_02/packages/ti/uia/events/</packageBase>
      <cFileName>null</cFileName>
   </modIdMap>
   <modIdMap id="32821">
      <moduleName>ti.uia.events.UIAEvt</moduleName>
      <packageVersion>1, 0, 0, 2</packageVersion>
      <packageBase>C:/CCStudio_v5/uia_1_03_00_02/packages/ti/uia/events/</packageBase>
      <cFileName>null</cFileName>
   </modIdMap>
   <modIdMap id="32822">
      <moduleName>ti.uia.events.UIARoundtrip</moduleName>
      <packageVersion>1, 0, 0, 2</packageVersion>
      <packageBase>C:/CCStudio_v5/uia_1_03_00_02/packages/ti/uia/events/</packageBase>
      <cFileName>null</cFileName>
   </modIdMap>
   <modIdMap id="32823">
      <moduleName>ti.uia.events.UIAStatistic</moduleName>
      <packageVersion>1, 0, 0, 2</packageVersion>
      <packageBase>C:/CCStudio_v5/uia_1_03_00_02/packages/ti/uia/events/</packageBase>
      <cFileName>null</cFileName>
   </modIdMap>
   <modIdMap id="32824">
      <moduleName>ti.uia.events.UIASync</moduleName>
      <packageVersion>1, 0, 0, 2</packageVersion>
      <packageBase>C:/CCStudio_v5/uia_1_03_00_02/packages/ti/uia/events/</packageBase>
      <cFileName>null</cFileName>
   </modIdMap>
   <modIdMap id="32826">
      <moduleName>ti.uia.runtime.LogSync</moduleName>
      <packageVersion>1, 0, 0, 2</packageVersion>
      <packageBase>C:/CCStudio_v5/uia_1_03_00_02/packages/ti/uia/runtime/</packageBase>
      <cFileName>LogSync.c</cFileName>
   </modIdMap>
   <modIdMap id="32827">
      <moduleName>ti.uia.runtime.LoggerStopMode</moduleName>
      <packageVersion>1, 0, 0, 2</packageVersion>
      <packageBase>C:/CCStudio_v5/uia_1_03_00_02/packages/ti/uia/runtime/</packageBase>
      <cFileName>LoggerStopMode.c</cFileName>
   </modIdMap>
   <modIdMap id="32828">
      <moduleName>ti.uia.runtime.QueueDescriptor</moduleName>
      <packageVersion>1, 0, 0, 2</packageVersion>
      <packageBase>C:/CCStudio_v5/uia_1_03_00_02/packages/ti/uia/runtime/</packageBase>
      <cFileName>QueueDescriptor.c</cFileName>
   </modIdMap>
   <modIdMap id="32829">
      <moduleName>ti.uia.runtime.UIAMetaData</moduleName>
      <packageVersion>1, 0, 0, 2</packageVersion>
      <packageBase>C:/CCStudio_v5/uia_1_03_00_02/packages/ti/uia/runtime/</packageBase>
      <cFileName>null</cFileName>
   </modIdMap>
   <modIdMap id="11">
      <moduleName>ti.uia.runtime.LogSync_CpuTimestampProxy</moduleName>
      <packageVersion>1, 0, 0, 2</packageVersion>
      <packageBase>C:/CCStudio_v5/uia_1_03_00_02/packages/ti/uia/runtime/</packageBase>
      <cFileName>null</cFileName>
   </modIdMap>
   <modIdMap id="12">
      <moduleName>ti.uia.runtime.LogSync_GlobalTimestampProxy</moduleName>
      <packageVersion>1, 0, 0, 2</packageVersion>
      <packageBase>C:/CCStudio_v5/uia_1_03_00_02/packages/ti/uia/runtime/</packageBase>
      <cFileName>null</cFileName>
   </modIdMap>
   <modIdMap id="32831">
      <moduleName>ti.sysbios.gates.GateHwi</moduleName>
      <packageVersion>2, 0, 0, 0</packageVersion>
      <packageBase>C:/CCStudio_v5/bios_6_35_03_47/packages/ti/sysbios/gates/</packageBase>
      <cFileName>GateHwi.c</cFileName>
   </modIdMap>
   <modIdMap id="32832">
      <moduleName>ti.sysbios.gates.GateMutex</moduleName>
      <packageVersion>2, 0, 0, 0</packageVersion>
      <packageBase>C:/CCStudio_v5/bios_6_35_03_47/packages/ti/sysbios/gates/</packageBase>
      <cFileName>GateMutex.c</cFileName>
   </modIdMap>
   <modIdMap id="32834">
      <moduleName>ti.sysbios.heaps.HeapMem</moduleName>
      <packageVersion>2, 0, 0, 0</packageVersion>
      <packageBase>C:/CCStudio_v5/bios_6_35_03_47/packages/ti/sysbios/heaps/</packageBase>
      <cFileName>HeapMem.c</cFileName>
   </modIdMap>
   <modIdMap id="13">
      <moduleName>ti.sysbios.heaps.HeapMem_Module_GateProxy</moduleName>
      <packageVersion>2, 0, 0, 0</packageVersion>
      <packageBase>C:/CCStudio_v5/bios_6_35_03_47/packages/ti/sysbios/heaps/</packageBase>
      <cFileName>null</cFileName>
   </modIdMap>
   <modIdMap id="32836">
      <moduleName>ti.sysbios.utils.Load</moduleName>
      <packageVersion>2, 0, 0, 0</packageVersion>
      <packageBase>C:/CCStudio_v5/bios_6_35_03_47/packages/ti/sysbios/utils/</packageBase>
      <cFileName>Load.c</cFileName>
   </modIdMap>
   <transport2>
      <uploadMode>JTAGSTOPMODE</uploadMode>
      <isMultiCoreTransport>false</isMultiCoreTransport>
      <supportControl>false</supportControl>
      <format>UIAEVENTHDR</format>
      <transportType>NONE</transportType>
   </transport2>
   <transport>
   <!-- This tag must be here for DVT to work. All data is in transport2 -->
   </transport>
   <services>
   </services>
   <!-- CPU Clock settings for TM4C123GH6PM cortexm4 device. -->
   <cpuClock>
      <maxClockFreqMSW>0</maxClockFreqMSW>
      <maxClockFreqLSW>40000000</maxClockFreqLSW>
      <canFrequencyBeChanged>false</canFrequencyBeChanged>
   </cpuClock>
   <eventCorrelation>
      <isEnabled>false</isEnabled>
      <cpuTimestamp>
         <!-- cortexm4 device uses an internal timestamp -->
         <maxTimerFreqMSW>0</maxTimerFreqMSW>
         <maxTimerFreqLSW>40000000</maxTimerFreqLSW>
         <cyclesPerTick>1</cyclesPerTick>
      </cpuTimestamp>
   </eventCorrelation>
</uiaEventData>