<?xml version="1.0" encoding="windows-1252"?>
<!--  This file conforms to the DTD xdc/bld/build.dtd -->
<package name="configPkg" version="" producerId="undefined">
    <units>
    </units>
    <sources>
        <srcFile name="package/cfg/MIN_BIOS_KW_p28FP.c"/>
    </sources>
    <configscripts>
        <srcFile name="C:/Users/a0159877/workspace_v5_5/C28x_TSK_SEM_BIOS_MIN_FOOTPRINT/MIN_BIOS_KW.cfg"/>
    </configscripts>
    <makefiles>
        <srcFile name="package.mak" src="package.bld"/>
        <srcFile name="package/package.xdc.dep" src="package.xdc"/>
        <srcFile name="package/cfg/MIN_BIOS_KW_p28FP.mak" src="package.bld"/>
        <srcFile name="package/cfg/MIN_BIOS_KW_p28FP.o28FP.dep" src="package/cfg/MIN_BIOS_KW_p28FP.c"/>
        <srcFile name="package/cfg/MIN_BIOS_KW_p28FP.dep" src="package/cfg/MIN_BIOS_KW_p28FP.cfg"/>
        <srcFile name="package/cfg/MIN_BIOS_KW.x28FP.mak" src="package.bld"/>
        <srcFile name="package/rel/configPkg.tar.dep" src="package/rel/configPkg.xdc.inc"/>
    </makefiles>
    <targets>
        <target name="ti.targets.C28_float"
            version="ti.targets.C28_float{1,0,6.2,1"
            rawVersion="6.2.1"
            platform="ti.platforms.sim28xx"
            isa="28FP"
            suffix="28FP"
            rootDir="C:/CCStudio_v5.5/ccsv5/tools/compiler/c2000_6.2.1"
            os="undefined"
            rts="ti.targets.rts2800">
            <model endian="little"
                codeModel="undefined"
                dataModel="large"/>
        </target>
    </targets>
    <libraries>
    </libraries>
    <configurations>
    <configuration name="MIN_BIOS_KW"
        pname="MIN_BIOS_KW.p28FP"
        target="ti.targets.C28_float"
        platform="ti.platforms.tms320x28:TMS320F28069"
        profile="release"
        isPartial="false"
        xCfgScript="package/cfg/MIN_BIOS_KW_p28FP.cfg"
        xCfgPrefix="package/cfg/MIN_BIOS_KW_p28FP"
        cfgScript="C:/Users/a0159877/workspace_v5_5/C28x_TSK_SEM_BIOS_MIN_FOOTPRINT/MIN_BIOS_KW.cfg"
        cfgArgs="null"
        />
    </configurations>
    <executables>
    <executable name="MIN_BIOS_KW"
        pname="MIN_BIOS_KW.x28FP"
        target="ti.targets.C28_float"
        platform="ti.platforms.tms320x28:TMS320F28069"
        profile="release"
        xCfgScript="package/cfg/MIN_BIOS_KW_p28FP.cfg"
        xCfgPrefix="package/cfg/MIN_BIOS_KW_p28FP"
        cfgScript="C:/Users/a0159877/workspace_v5_5/C28x_TSK_SEM_BIOS_MIN_FOOTPRINT/MIN_BIOS_KW.cfg"
        cfgArgs="null"
        />
    </executables>
    <tests>
    <test exeName="MIN_BIOS_KW.x28FP"
        args=""
        groupName="MIN_BIOS_KW.x28FP"
        refOutput="undefined"
        refExitCode="0"
        execArgs=""
        />
    </tests>
    <releases relDir="package/rel/">
    <release name="configPkg"
        pname="configPkg.tar"
        label="default"
    >
        <file name="package/package.bld.xml"/>
        <file name="package/build.cfg"/>
        <file name="package/package.xdc.inc"/>
    </release>
    </releases>
    <repositories>
    </repositories>
</package>
