<?xml version="1.0" encoding="windows-1252"?>
<!--  This file conforms to the DTD xdc/bld/build.dtd -->
<package name="xconfig_opt" version="" producerId="undefined">
    <units>
    </units>
    <sources>
        <srcFile name="package/cfg/opt_p674.c"/>
    </sources>
    <configscripts>
        <srcFile name="C:/Users/a0159877/workspace_v5_4_1/audio_C6000_OPT_SOL/opt.cfg"/>
    </configscripts>
    <makefiles>
        <srcFile name="package.mak" src="package.bld"/>
        <srcFile name="package/package.xdc.dep" src="package.xdc"/>
        <srcFile name="package/cfg/opt_p674.mak" src="package.bld"/>
        <srcFile name="package/cfg/opt_p674.o674.dep" src="package/cfg/opt_p674.c"/>
        <srcFile name="package/cfg/opt_p674.dep" src="package/cfg/opt_p674.cfg"/>
        <srcFile name="package/cfg/opt.x674.mak" src="package.bld"/>
        <srcFile name="package/rel/xconfig_opt.tar.dep" src="package/rel/xconfig_opt.xdc.inc"/>
    </makefiles>
    <targets>
        <target name="ti.targets.C674"
            version="ti.targets.C674{1,0,7.4,2"
            rawVersion="7.4.2"
            platform="ti.platforms.evmDA830"
            isa="674"
            suffix="674"
            rootDir="C:/CCStudio_v5/ccsv5/tools/compiler/c6000_7.4.2"
            os="undefined"
            rts="ti.targets.rts6000">
            <model endian="little"
                codeModel="undefined"
                dataModel="undefined"/>
        </target>
    </targets>
    <libraries>
    </libraries>
    <configurations>
    <configuration name="opt"
        pname="opt.p674"
        target="ti.targets.C674"
        platform="evmc6748_TTO"
        profile="release"
        isPartial="false"
        xCfgScript="package/cfg/opt_p674.cfg"
        xCfgPrefix="package/cfg/opt_p674"
        cfgScript="C:/Users/a0159877/workspace_v5_4_1/audio_C6000_OPT_SOL/opt.cfg"
        cfgArgs="null"
        />
    </configurations>
    <executables>
    <executable name="opt"
        pname="opt.x674"
        target="ti.targets.C674"
        platform="evmc6748_TTO"
        profile="release"
        xCfgScript="package/cfg/opt_p674.cfg"
        xCfgPrefix="package/cfg/opt_p674"
        cfgScript="C:/Users/a0159877/workspace_v5_4_1/audio_C6000_OPT_SOL/opt.cfg"
        cfgArgs="null"
        />
    </executables>
    <tests>
    <test exeName="opt.x674"
        args=""
        groupName="opt.x674"
        refOutput="undefined"
        refExitCode="0"
        execArgs=""
        />
    </tests>
    <releases relDir="package/rel/">
    <release name="xconfig_opt"
        pname="xconfig_opt.tar"
        label="default"
    >
        <file name="package/package.bld.xml"/>
        <file name="package/build.cfg"/>
        <file name="package/package.xdc.inc"/>
    </release>
    </releases>
    <repositories>
    </repositories>
</package>
