<?xml version="1.0" encoding="windows-1252"?>
<!--  This file conforms to the DTD xdc/bld/build.dtd -->
<package name="xconfig_app" version="" producerId="undefined">
    <units>
    </units>
    <sources>
        <srcFile name="package/cfg/app_pe674.c"/>
    </sources>
    <configscripts>
        <srcFile name="C:/Users/a0159877/workspace_v6_0_ORIG_EAW_TTO/blink_C6000_SWI_SOL/app.cfg"/>
    </configscripts>
    <makefiles>
        <srcFile name="package.mak" src="package.bld"/>
        <srcFile name="package/package.xdc.dep" src="package.xdc"/>
        <srcFile name="package/cfg/app_pe674.mak" src="package.bld"/>
        <srcFile name="package/cfg/app_pe674.oe674.dep" src="package/cfg/app_pe674.c"/>
        <srcFile name="package/cfg/app_pe674.dep" src="package/cfg/app_pe674.cfg"/>
        <srcFile name="package/cfg/app.xe674.mak" src="package.bld"/>
        <srcFile name="package/rel/xconfig_app.tar.dep" src="package/rel/xconfig_app.xdc.inc"/>
    </makefiles>
    <targets>
        <target name="ti.targets.elf.C674"
            version="ti.targets.elf.C674{1,0,7.4,8"
            rawVersion="7.4.8"
            platform="ti.platforms.evmDA830"
            isa="674"
            suffix="e674"
            rootDir="C:/CCStudio_v6.0/ccsv6/tools/compiler/c6000_7.4.8"
            os="undefined"
            rts="ti.targets.rts6000">
            <model endian="little"
                codeModel="undefined"
                dataModel="undefined"/>
        </target>
    </targets>
    <libraries>
    </libraries>
    <configurations>
    <configuration name="app"
        pname="app.pe674"
        target="ti.targets.elf.C674"
        platform="ti.platforms.evm6748"
        profile="release"
        isPartial="false"
        xCfgScript="package/cfg/app_pe674.cfg"
        xCfgPrefix="package/cfg/app_pe674"
        cfgScript="C:/Users/a0159877/workspace_v6_0_ORIG_EAW_TTO/blink_C6000_SWI_SOL/app.cfg"
        cfgArgs="null"
        />
    </configurations>
    <executables>
    <executable name="app"
        pname="app.xe674"
        target="ti.targets.elf.C674"
        platform="ti.platforms.evm6748"
        profile="release"
        xCfgScript="package/cfg/app_pe674.cfg"
        xCfgPrefix="package/cfg/app_pe674"
        cfgScript="C:/Users/a0159877/workspace_v6_0_ORIG_EAW_TTO/blink_C6000_SWI_SOL/app.cfg"
        cfgArgs="null"
        />
    </executables>
    <tests>
    <test exeName="app.xe674"
        args=""
        groupName="app.xe674"
        refOutput="undefined"
        refExitCode="0"
        execArgs=""
        />
    </tests>
    <releases relDir="package/rel/">
    <release name="xconfig_app"
        pname="xconfig_app.tar"
        label="default"
    >
        <file name="package/package.bld.xml"/>
        <file name="package/build.cfg"/>
        <file name="package/package.xdc.inc"/>
    </release>
    </releases>
    <repositories>
    </repositories>
</package>
